-- phpMyAdmin SQL Dump
-- version 5.1.3
-- https://www.phpmyadmin.net/
--
-- Servidor: localhost
-- Tiempo de generación: 05-05-2025 a las 23:57:34
-- Versión del servidor: 10.4.21-MariaDB
-- Versión de PHP: 7.4.28

SET SQL_MODE = "NO_AUTO_VALUE_ON_ZERO";
START TRANSACTION;
SET time_zone = "+00:00";


/*!40101 SET @OLD_CHARACTER_SET_CLIENT=@@CHARACTER_SET_CLIENT */;
/*!40101 SET @OLD_CHARACTER_SET_RESULTS=@@CHARACTER_SET_RESULTS */;
/*!40101 SET @OLD_COLLATION_CONNECTION=@@COLLATION_CONNECTION */;
/*!40101 SET NAMES utf8mb4 */;

--
-- Base de datos: `p25`
--

-- --------------------------------------------------------

--
-- Estructura de tabla para la tabla `calificacion`
--

CREATE TABLE `calificacion` (
  `id` int(11) NOT NULL,
  `id_ext` int(11) NOT NULL,
  `id_jurado` int(11) NOT NULL,
  `documento` int(11) NOT NULL,
  `calificacion` int(11) NOT NULL,
  `fecha` datetime DEFAULT NULL
) ENGINE=InnoDB DEFAULT CHARSET=utf8mb4;

-- --------------------------------------------------------

--
-- Estructura de tabla para la tabla `catalogo_documentos`
--

CREATE TABLE `catalogo_documentos` (
  `id` int(11) NOT NULL,
  `documento` varchar(50) NOT NULL,
  `subtitulo` varchar(50) NOT NULL,
  `descripcion` varchar(300) NOT NULL,
  `link` varchar(200) DEFAULT NULL
) ENGINE=InnoDB DEFAULT CHARSET=utf8mb4;

--
-- Volcado de datos para la tabla `catalogo_documentos`
--

INSERT INTO `catalogo_documentos` (`id`, `documento`, `subtitulo`, `descripcion`, `link`) VALUES
(1, 'Carta Propuesta', 'Carta Propuesta', 'Emitida por alguna institución, organismo, dependencia, agrupación o proponerse a si mismo.', '0'),
(2, 'Currículum Vitae', 'Currículum Vitae', 'Currículum Vitae actualizado con datos generales.', '0'),
(3, 'Semblanza trayectoria', 'Semblanza trayectoria', 'Semblanza trayectoria (máximo una cuartilla)', '0'),
(4, 'Copia acta de nacimiento', 'Copia acta de nacimiento', 'Copia acta de nacimiento', '0'),
(5, 'Copia INE', 'Copia INE', 'Copia de credencial de elector del interesado o del tutor', '0'),
(6, 'Copia simple de comprobante de domicilio', 'Copia simple de comprobante de domicilio', 'Copia simple de comprobante de domicilio no mayor a 3 meses', '0'),
(7, 'CURP', 'CURP', 'CURP en PDF', '0'),
(8, 'Material bibliográfico', 'Material bibliográfico', 'Material bibliográfico, audiovisual y/o gráficos.', '0'),
(9, 'Cápsula video', 'Cápsula video', 'Link de video que no dure más de 60 segundos (Youtube de preferencia)', '0'),
(10, 'Carta protesta de decir verdad', 'Carta protesta de decir verdad', 'Carta protesta de decir verdad donde especifica no ser servidor público', NULL),
(11, 'Constancia de situación fiscal', 'Constancia de situación fiscal', 'Constancia de situación fiscal emitida por el SAT', NULL);

-- --------------------------------------------------------

--
-- Estructura de tabla para la tabla `categorias`
--

CREATE TABLE `categorias` (
  `id` int(11) NOT NULL,
  `nombre` varchar(50) NOT NULL
) ENGINE=InnoDB DEFAULT CHARSET=utf8;

--
-- Volcado de datos para la tabla `categorias`
--

INSERT INTO `categorias` (`id`, `nombre`) VALUES
(1, 'LOGRO ACADÉMICO (12 - 18 AÑOS)'),
(2, 'LOGRO ACADÉMICO (19 - 29 AÑOS)'),
(3, 'DISCAPACIDAD E INTEGRACIÓN'),
(4, 'INGENIO EMPRENDEDOR'),
(5, 'RESPONSABILIDAD SOCIAL'),
(6, 'MÉRITO MIGRANTE'),
(7, 'MÉRITO CAMPESINO'),
(8, 'PROTECCIÓN AL MEDIO AMBIENTE'),
(9, 'CULTURA CÍVICA, POLÍTICA Y DEMOCRACIA'),
(10, 'LITERATURA'),
(11, 'ARTES ESCÉNICAS (MÚSICA)'),
(12, 'ARTES ESCÉNICAS (TEATRO)'),
(13, 'ARTES ESCÉNICAS (DANZA)'),
(14, 'ARTES PLÁSTICAS, VISUALES Y POPULARES'),
(15, 'ARTE URBANO'),
(16, 'CIENCIA Y TECNOLOGÍA (CIENCIAS APLICADAS)');

-- --------------------------------------------------------

--
-- Estructura de tabla para la tabla `documentos`
--

CREATE TABLE `documentos` (
  `id` int(11) NOT NULL,
  `documento` int(11) NOT NULL COMMENT 'Tipo documento numerado',
  `id_ext` int(11) NOT NULL,
  `link` varchar(150) NOT NULL,
  `fecha` datetime NOT NULL
) ENGINE=InnoDB DEFAULT CHARSET=utf8mb4;

--
-- Volcado de datos para la tabla `documentos`
--

INSERT INTO `documentos` (`id`, `documento`, `id_ext`, `link`, `fecha`) VALUES
(1, 11, 278, 'docs/archivo11_278.pdf', '2024-06-11 15:32:59'),
(2, 7, 278, 'docs/archivo7_278.pdf', '2024-06-11 15:36:41'),
(3, 1, 281, 'docs/archivo1_281.pdf', '2024-06-11 17:07:39'),
(4, 2, 281, 'docs/archivo2_281.pdf', '2024-06-11 17:08:02'),
(5, 3, 281, 'docs/archivo3_281.pdf', '2024-06-11 17:08:12'),
(6, 4, 281, 'docs/archivo4_281.pdf', '2024-06-11 17:08:25'),
(7, 5, 281, 'docs/archivo5_281.pdf', '2024-06-11 17:08:34'),
(8, 6, 281, 'docs/archivo6_281.pdf', '2024-06-11 17:08:43'),
(9, 7, 281, 'docs/archivo7_281.pdf', '2024-06-11 17:08:57'),
(10, 8, 281, 'docs/archivo8_281.pdf', '2024-06-11 17:09:06'),
(11, 9, 281, 'https://www.youtube.com/watch?v=R94lgbnKDC8', '2024-06-11 17:09:39'),
(12, 10, 281, 'docs/archivo10_281.pdf', '2024-06-11 17:09:52'),
(13, 11, 281, 'docs/archivo11_281.pdf', '2024-06-11 17:10:02'),
(14, 7, 282, 'docs/archivo7_282.pdf', '2024-06-11 17:48:55'),
(15, 5, 282, 'docs/archivo5_282.pdf', '2024-06-11 17:52:01'),
(16, 5, 291, 'docs/archivo5_291.pdf', '2024-06-14 15:57:18'),
(17, 7, 291, 'docs/archivo7_291.pdf', '2024-06-14 15:57:50'),
(18, 11, 291, 'docs/archivo11_291.pdf', '2024-06-14 15:58:32'),
(19, 4, 291, 'docs/archivo4_291.pdf', '2024-06-14 15:59:09'),
(20, 8, 291, 'docs/archivo8_291.pdf', '2024-08-05 20:55:41'),
(21, 5, 278, 'docs/archivo5_278.pdf', '2024-06-17 19:11:45'),
(22, 10, 278, 'docs/archivo10_278.pdf', '2024-06-17 19:21:35'),
(23, 2, 278, 'docs/archivo2_278.pdf', '2024-06-17 19:37:25'),
(24, 2, 291, 'docs/archivo2_291.pdf', '2024-08-10 18:34:23'),
(25, 3, 291, 'docs/archivo3_291.pdf', '2024-06-19 17:55:48'),
(26, 7, 287, 'docs/archivo7_287.pdf', '2024-06-19 10:14:50'),
(27, 4, 287, 'docs/archivo4_287.pdf', '2024-06-19 10:15:50'),
(28, 11, 287, 'docs/archivo11_287.pdf', '2024-06-19 10:37:44'),
(29, 11, 295, 'docs/archivo11_295.pdf', '2024-06-20 08:46:48'),
(31, 2, 295, 'docs/archivo2_295.pdf', '2024-06-20 08:49:24'),
(32, 6, 295, 'docs/archivo6_295.pdf', '2024-06-20 08:50:59'),
(33, 7, 295, 'docs/archivo7_295.pdf', '2024-06-20 08:51:28'),
(34, 10, 295, 'docs/archivo10_295.pdf', '2024-06-20 14:18:13'),
(35, 3, 295, 'docs/archivo3_295.pdf', '2024-06-20 14:19:43'),
(36, 1, 295, 'docs/archivo1_295.pdf', '2024-06-20 14:20:45'),
(37, 4, 295, 'docs/archivo4_295.pdf', '2024-06-20 14:24:05'),
(38, 5, 295, 'docs/archivo5_295.pdf', '2024-06-20 14:24:44'),
(39, 8, 295, 'docs/archivo8_295.pdf', '2024-06-20 14:58:53'),
(40, 6, 291, 'docs/archivo6_291.pdf', '2024-06-21 21:03:20'),
(41, 5, 287, 'docs/archivo5_287.pdf', '2024-06-23 23:42:30'),
(42, 6, 287, 'docs/archivo6_287.pdf', '2024-06-23 23:45:08'),
(43, 10, 287, 'docs/archivo10_287.pdf', '2024-06-23 23:54:22'),
(44, 9, 295, 'https://youtu.be/5b1OSvklDD0?si=lh2dMMb5Gnlfvyu8', '2024-06-24 08:35:45'),
(45, 1, 300, 'docs/archivo1_300.pdf', '2024-06-24 22:07:07'),
(46, 2, 301, 'docs/archivo2_301.pdf', '2024-06-25 13:59:13'),
(47, 4, 301, 'docs/archivo4_301.pdf', '2024-06-25 13:59:46'),
(48, 5, 301, 'docs/archivo5_301.pdf', '2024-06-25 13:59:59'),
(49, 11, 301, 'docs/archivo11_301.pdf', '2024-06-25 14:02:15'),
(50, 7, 301, 'docs/archivo7_301.pdf', '2024-06-25 14:03:13'),
(51, 6, 301, 'docs/archivo6_301.pdf', '2024-08-09 15:28:07'),
(52, 1, 287, 'docs/archivo1_287.pdf', '2024-06-26 20:35:55'),
(53, 2, 287, 'docs/archivo2_287.pdf', '2024-06-26 20:56:01'),
(54, 8, 287, 'docs/archivo8_287.pdf', '2024-06-26 20:47:23'),
(55, 1, 291, 'docs/archivo1_291.pdf', '2024-06-27 11:14:20'),
(56, 9, 291, 'https://www.youtube.com/watch?v=h-Tg2JC32yo', '2024-06-27 11:46:31'),
(57, 3, 287, 'docs/archivo3_287.pdf', '2024-06-27 13:40:33'),
(58, 4, 277, 'docs/archivo4_277.pdf', '2024-06-27 16:03:45'),
(59, 5, 277, 'docs/archivo5_277.pdf', '2024-06-27 16:05:06'),
(60, 7, 277, 'docs/archivo7_277.pdf', '2024-06-27 16:05:26'),
(61, 11, 277, 'docs/archivo11_277.pdf', '2024-06-27 16:06:31'),
(62, 10, 291, 'docs/archivo10_291.pdf', '2024-06-28 11:13:27'),
(63, 1, 278, 'docs/archivo1_278.pdf', '2024-06-28 11:32:34'),
(64, 3, 301, 'docs/archivo3_301.pdf', '2024-07-01 09:03:03'),
(65, 5, 307, 'docs/archivo5_307.pdf', '2024-07-02 11:41:57'),
(66, 4, 307, 'docs/archivo4_307.pdf', '2024-07-02 11:50:16'),
(67, 7, 307, 'docs/archivo7_307.pdf', '2024-07-02 11:51:14'),
(68, 11, 307, 'docs/archivo11_307.pdf', '2024-07-02 11:55:49'),
(69, 10, 307, 'docs/archivo10_307.pdf', '2024-07-02 12:00:05'),
(70, 3, 307, 'docs/archivo3_307.pdf', '2024-07-02 12:11:46'),
(71, 6, 307, 'docs/archivo6_307.pdf', '2024-07-02 12:24:03'),
(72, 2, 307, 'docs/archivo2_307.pdf', '2024-07-19 08:07:09'),
(73, 3, 278, 'docs/archivo3_278.pdf', '2024-07-09 12:54:17'),
(74, 4, 278, 'docs/archivo4_278.pdf', '2024-07-03 12:21:49'),
(75, 6, 278, 'docs/archivo6_278.pdf', '2024-07-03 14:51:38'),
(76, 2, 306, 'docs/archivo2_306.pdf', '2024-07-04 07:30:46'),
(77, 4, 306, 'docs/archivo4_306.pdf', '2024-07-04 07:31:39'),
(78, 5, 306, 'docs/archivo5_306.pdf', '2024-07-04 07:31:56'),
(79, 7, 306, 'docs/archivo7_306.pdf', '2024-07-04 07:32:11'),
(80, 11, 306, 'docs/archivo11_306.pdf', '2024-07-04 07:33:45'),
(81, 1, 306, 'docs/archivo1_306.pdf', '2024-07-04 12:51:55'),
(82, 10, 301, 'docs/archivo10_301.pdf', '2024-07-04 23:14:55'),
(83, 2, 312, 'docs/archivo2_312.pdf', '2024-07-04 23:29:12'),
(84, 4, 312, 'docs/archivo4_312.pdf', '2024-07-04 23:29:33'),
(85, 5, 312, 'docs/archivo5_312.pdf', '2024-07-04 23:29:49'),
(86, 7, 312, 'docs/archivo7_312.pdf', '2024-07-04 23:30:02'),
(87, 9, 306, 'https://youtu.be/4BdDalgVNFw', '2024-07-05 09:19:16'),
(88, 6, 306, 'docs/archivo6_306.pdf', '2024-07-05 12:09:13'),
(89, 2, 313, 'docs/archivo2_313.pdf', '2024-07-07 21:03:49'),
(90, 5, 313, 'docs/archivo5_313.pdf', '2024-07-07 21:06:34'),
(91, 8, 313, 'docs/archivo8_313.pdf', '2024-07-07 21:11:57'),
(92, 1, 307, 'docs/archivo1_307.pdf', '2024-07-08 11:47:56'),
(93, 4, 290, 'docs/archivo4_290.pdf', '2024-07-08 15:03:14'),
(94, 5, 290, 'docs/archivo5_290.pdf', '2024-07-08 15:04:17'),
(95, 7, 290, 'docs/archivo7_290.pdf', '2024-07-08 15:05:12'),
(96, 10, 306, 'docs/archivo10_306.pdf', '2024-07-08 15:05:32'),
(97, 11, 290, 'docs/archivo11_290.pdf', '2024-07-08 15:13:21'),
(98, 10, 290, 'docs/archivo10_290.pdf', '2024-07-08 15:23:53'),
(99, 7, 314, 'docs/archivo7_314.pdf', '2024-07-08 16:17:40'),
(100, 4, 314, 'docs/archivo4_314.pdf', '2024-07-08 17:08:19'),
(101, 5, 314, 'docs/archivo5_314.pdf', '2024-07-08 17:09:28'),
(102, 6, 314, 'docs/archivo6_314.pdf', '2024-07-08 17:10:39'),
(103, 3, 306, 'docs/archivo3_306.pdf', '2024-07-09 02:48:36'),
(104, 5, 300, 'docs/archivo5_300.pdf', '2024-07-09 10:02:03'),
(105, 4, 300, 'docs/archivo4_300.pdf', '2024-07-09 10:02:15'),
(106, 7, 300, 'docs/archivo7_300.pdf', '2024-07-09 10:02:51'),
(107, 3, 300, 'docs/archivo3_300.pdf', '2024-07-09 10:10:39'),
(108, 6, 300, 'docs/archivo6_300.pdf', '2024-07-09 10:13:10'),
(109, 4, 309, 'docs/archivo4_309.pdf', '2024-07-09 10:35:46'),
(110, 5, 309, 'docs/archivo5_309.pdf', '2024-07-09 10:38:26'),
(111, 11, 309, 'docs/archivo11_309.pdf', '2024-07-09 10:40:46'),
(112, 7, 309, 'docs/archivo7_309.pdf', '2024-07-09 10:42:36'),
(113, 8, 307, 'docs/archivo8_307.pdf', '2024-07-09 14:23:33'),
(114, 3, 312, 'docs/archivo3_312.pdf', '2024-07-09 19:27:05'),
(115, 10, 312, 'docs/archivo10_312.pdf', '2024-07-09 19:47:43'),
(116, 8, 278, 'docs/archivo8_278.pdf', '2024-07-17 15:33:37'),
(117, 7, 315, 'docs/archivo7_315.pdf', '2024-07-09 20:31:16'),
(118, 4, 294, 'docs/archivo4_294.pdf', '2024-07-12 01:21:29'),
(119, 7, 294, 'docs/archivo7_294.pdf', '2024-07-30 03:57:56'),
(120, 5, 294, 'docs/archivo5_294.pdf', '2024-07-12 01:43:16'),
(121, 6, 294, 'docs/archivo6_294.pdf', '2024-07-12 01:44:35'),
(122, 3, 294, 'docs/archivo3_294.pdf', '2024-08-10 20:58:49'),
(123, 8, 294, 'docs/archivo8_294.pdf', '2024-08-09 00:52:05'),
(124, 2, 294, 'docs/archivo2_294.pdf', '2024-08-09 00:45:31'),
(125, 9, 316, 'https://www.youtube.com/watch?v=OGvqU_lR7-8', '2024-07-12 15:04:59'),
(126, 8, 316, 'docs/archivo8_316.pdf', '2024-07-12 15:35:58'),
(127, 6, 316, 'docs/archivo6_316.pdf', '2024-07-12 15:36:40'),
(128, 11, 316, 'docs/archivo11_316.pdf', '2024-07-12 15:38:35'),
(129, 5, 316, 'docs/archivo5_316.pdf', '2024-07-12 15:39:20'),
(130, 4, 316, 'docs/archivo4_316.pdf', '2024-07-12 15:41:24'),
(131, 3, 316, 'docs/archivo3_316.pdf', '2024-07-12 15:41:57'),
(132, 2, 316, 'docs/archivo2_316.pdf', '2024-07-12 15:43:46'),
(133, 1, 316, 'docs/archivo1_316.pdf', '2024-07-12 15:45:08'),
(134, 7, 316, 'docs/archivo7_316.pdf', '2024-07-12 15:46:58'),
(135, 1, 296, 'docs/archivo1_296.pdf', '2024-07-13 18:38:47'),
(136, 2, 296, 'docs/archivo2_296.pdf', '2024-07-13 18:42:52'),
(137, 3, 296, 'docs/archivo3_296.pdf', '2024-07-18 14:59:26'),
(138, 4, 296, 'docs/archivo4_296.pdf', '2024-07-13 18:52:38'),
(139, 5, 296, 'docs/archivo5_296.pdf', '2024-07-13 18:53:31'),
(140, 6, 296, 'docs/archivo6_296.pdf', '2024-07-13 18:58:05'),
(141, 7, 296, 'docs/archivo7_296.pdf', '2024-07-13 18:59:01'),
(142, 10, 296, 'docs/archivo10_296.pdf', '2024-07-13 19:07:48'),
(143, 11, 296, 'docs/archivo11_296.pdf', '2024-07-13 19:09:19'),
(144, 8, 296, 'docs/archivo8_296.pdf', '2024-07-13 19:18:15'),
(145, 1, 301, 'docs/archivo1_301.pdf', '2024-07-13 23:20:48'),
(146, 8, 301, 'docs/archivo8_301.pdf', '2024-07-14 23:19:21'),
(147, 2, 321, 'docs/archivo2_321.pdf', '2024-07-16 12:54:56'),
(148, 3, 321, 'docs/archivo3_321.pdf', '2024-08-11 11:46:33'),
(149, 4, 321, 'docs/archivo4_321.pdf', '2024-07-16 13:05:11'),
(150, 5, 321, 'docs/archivo5_321.pdf', '2024-07-16 13:05:59'),
(151, 6, 321, 'docs/archivo6_321.pdf', '2024-07-16 13:08:57'),
(152, 7, 321, 'docs/archivo7_321.pdf', '2024-07-16 13:10:28'),
(153, 8, 321, 'docs/archivo8_321.pdf', '2024-07-16 13:51:45'),
(154, 10, 321, 'docs/archivo10_321.pdf', '2024-07-16 14:03:52'),
(155, 11, 321, 'docs/archivo11_321.pdf', '2024-07-23 19:07:13'),
(156, 4, 326, 'docs/archivo4_326.pdf', '2024-07-17 00:51:01'),
(157, 7, 326, 'docs/archivo7_326.pdf', '2024-07-17 00:51:16'),
(158, 4, 327, 'docs/archivo4_327.pdf', '2024-07-17 15:38:14'),
(159, 9, 327, 'https://youtu.be/rITJFNCw-WQ', '2024-07-17 22:17:23'),
(160, 7, 327, 'docs/archivo7_327.pdf', '2024-07-17 22:18:45'),
(161, 11, 325, 'docs/archivo11_325.pdf', '2024-07-17 22:34:05'),
(162, 6, 325, 'docs/archivo6_325.pdf', '2024-07-17 22:34:44'),
(163, 5, 325, 'docs/archivo5_325.pdf', '2024-07-17 22:36:42'),
(164, 7, 325, 'docs/archivo7_325.pdf', '2024-07-17 22:37:58'),
(165, 4, 325, 'docs/archivo4_325.pdf', '2024-07-17 22:45:52'),
(166, 2, 325, 'docs/archivo2_325.pdf', '2024-07-18 02:18:46'),
(167, 1, 325, 'docs/archivo1_325.pdf', '2024-07-24 01:13:22'),
(168, 3, 325, 'docs/archivo3_325.pdf', '2024-07-18 01:56:53'),
(169, 10, 325, 'docs/archivo10_325.pdf', '2024-07-18 02:03:33'),
(170, 2, 332, 'docs/archivo2_332.pdf', '2024-07-18 20:31:41'),
(171, 3, 332, 'docs/archivo3_332.pdf', '2024-07-18 20:32:14'),
(172, 4, 332, 'docs/archivo4_332.pdf', '2024-07-18 20:32:58'),
(173, 5, 332, 'docs/archivo5_332.pdf', '2024-07-18 20:33:23'),
(174, 6, 332, 'docs/archivo6_332.pdf', '2024-07-18 20:33:47'),
(175, 7, 332, 'docs/archivo7_332.pdf', '2024-07-18 20:34:05'),
(176, 11, 332, 'docs/archivo11_332.pdf', '2024-07-18 20:37:34'),
(177, 11, 294, 'docs/archivo11_294.pdf', '2024-07-18 20:52:32'),
(178, 5, 326, 'docs/archivo5_326.pdf', '2024-07-18 20:54:15'),
(179, 6, 326, 'docs/archivo6_326.pdf', '2024-07-18 20:55:29'),
(180, 8, 332, 'docs/archivo8_332.pdf', '2024-07-18 21:26:19'),
(181, 1, 332, 'docs/archivo1_332.pdf', '2024-07-18 21:30:01'),
(182, 10, 332, 'docs/archivo10_332.pdf', '2024-07-18 21:28:05'),
(183, 11, 326, 'docs/archivo11_326.pdf', '2024-07-19 14:32:50'),
(184, 2, 330, 'docs/archivo2_330.pdf', '2024-07-23 13:22:33'),
(185, 5, 330, 'docs/archivo5_330.pdf', '2024-07-19 19:08:52'),
(186, 7, 330, 'docs/archivo7_330.pdf', '2024-07-19 19:10:03'),
(187, 11, 330, 'docs/archivo11_330.pdf', '2024-07-19 19:22:17'),
(188, 6, 330, 'docs/archivo6_330.pdf', '2024-07-19 19:27:23'),
(189, 9, 307, 'https://www.youtube.com/shorts/abkA171ChzA', '2024-07-20 13:48:44'),
(190, 1, 315, 'docs/archivo1_315.pdf', '2024-07-20 21:44:37'),
(191, 3, 315, 'docs/archivo3_315.pdf', '2024-07-20 21:45:01'),
(192, 4, 315, 'docs/archivo4_315.pdf', '2024-07-20 21:45:31'),
(193, 5, 315, 'docs/archivo5_315.pdf', '2024-07-20 21:46:07'),
(194, 6, 315, 'docs/archivo6_315.pdf', '2024-07-20 21:46:35'),
(195, 11, 315, 'docs/archivo11_315.pdf', '2024-07-20 21:47:13'),
(196, 9, 301, 'https://youtu.be/t-hA_FlLdS0?si=on0HV71llNWI9zh3', '2024-07-21 00:13:53'),
(197, 7, 299, 'docs/archivo7_299.pdf', '2024-07-21 23:28:15'),
(198, 4, 299, 'docs/archivo4_299.pdf', '2024-07-21 23:30:32'),
(199, 11, 299, 'docs/archivo11_299.pdf', '2024-07-21 23:33:51'),
(200, 6, 299, 'docs/archivo6_299.pdf', '2024-07-21 23:40:35'),
(201, 7, 336, 'docs/archivo7_336.pdf', '2024-07-22 03:55:30'),
(202, 4, 336, 'docs/archivo4_336.pdf', '2024-07-22 04:07:39'),
(203, 10, 336, 'docs/archivo10_336.pdf', '2024-07-22 04:20:57'),
(204, 4, 330, 'docs/archivo4_330.pdf', '2024-07-22 17:58:38'),
(205, 3, 330, 'docs/archivo3_330.pdf', '2024-08-10 13:17:58'),
(206, 10, 326, 'docs/archivo10_326.pdf', '2024-07-22 19:53:34'),
(207, 3, 326, 'docs/archivo3_326.pdf', '2024-07-22 20:06:05'),
(208, 6, 336, 'docs/archivo6_336.pdf', '2024-07-22 20:40:33'),
(209, 5, 336, 'docs/archivo5_336.pdf', '2024-07-22 20:50:26'),
(210, 9, 332, 'https://youtu.be/uDCTp3gKm1g', '2024-07-22 23:09:55'),
(211, 8, 330, 'docs/archivo8_330.pdf', '2024-07-23 13:19:20'),
(212, 9, 325, 'https://youtu.be/jgMa69HGhos?si=BaPt6kuvGykj-iil', '2024-07-23 00:39:27'),
(213, 1, 330, 'docs/archivo1_330.pdf', '2024-07-23 14:42:12'),
(214, 10, 330, 'docs/archivo10_330.pdf', '2024-07-23 14:49:00'),
(215, 8, 325, 'docs/archivo8_325.pdf', '2024-07-23 16:03:39'),
(216, 4, 308, 'docs/archivo4_308.pdf', '2024-07-23 19:31:10'),
(217, 7, 308, 'docs/archivo7_308.pdf', '2024-07-23 19:31:55'),
(218, 1, 302, 'docs/archivo1_302.pdf', '2024-07-23 19:47:44'),
(219, 7, 302, 'docs/archivo7_302.pdf', '2024-07-23 19:48:54'),
(220, 11, 302, 'docs/archivo11_302.pdf', '2024-07-23 19:50:51'),
(221, 5, 302, 'docs/archivo5_302.pdf', '2024-07-23 19:52:14'),
(222, 4, 302, 'docs/archivo4_302.pdf', '2024-07-23 19:56:20'),
(223, 5, 308, 'docs/archivo5_308.pdf', '2024-07-23 20:31:58'),
(224, 6, 308, 'docs/archivo6_308.pdf', '2024-07-23 20:32:15'),
(225, 11, 308, 'docs/archivo11_308.pdf', '2024-07-23 20:32:49'),
(226, 5, 299, 'docs/archivo5_299.pdf', '2024-07-23 21:16:13'),
(227, 2, 299, 'docs/archivo2_299.pdf', '2024-08-01 20:52:00'),
(228, 9, 338, 'https://youtu.be/GSzk-K9BTh0', '2024-07-23 21:17:51'),
(229, 1, 338, 'docs/archivo1_338.pdf', '2024-07-23 21:26:18'),
(230, 2, 338, 'docs/archivo2_338.pdf', '2024-07-23 21:21:13'),
(231, 3, 338, 'docs/archivo3_338.pdf', '2024-07-23 21:22:05'),
(232, 4, 338, 'docs/archivo4_338.pdf', '2024-07-23 21:22:54'),
(233, 5, 338, 'docs/archivo5_338.pdf', '2024-07-23 21:23:32'),
(234, 6, 338, 'docs/archivo6_338.pdf', '2024-07-23 21:24:20'),
(235, 7, 338, 'docs/archivo7_338.pdf', '2024-07-23 21:24:44'),
(236, 11, 338, 'docs/archivo11_338.pdf', '2024-07-23 21:25:26'),
(237, 10, 338, 'docs/archivo10_338.pdf', '2024-07-23 21:26:58'),
(238, 8, 338, 'docs/archivo8_338.pdf', '2024-07-23 21:33:09'),
(239, 6, 302, 'docs/archivo6_302.pdf', '2024-07-23 21:46:42'),
(240, 10, 302, 'docs/archivo10_302.pdf', '2024-07-23 22:03:11'),
(241, 10, 339, 'docs/archivo10_339.pdf', '2024-07-24 20:31:42'),
(242, 11, 339, 'docs/archivo11_339.pdf', '2024-07-24 20:33:09'),
(243, 9, 339, '', '2024-07-24 20:33:28'),
(244, 2, 315, 'docs/archivo2_315.pdf', '2024-07-24 23:21:57'),
(245, 10, 316, 'docs/archivo10_316.pdf', '2024-07-25 13:06:36'),
(246, 11, 336, 'docs/archivo11_336.pdf', '2024-07-25 18:34:25'),
(247, 4, 335, 'docs/archivo4_335.pdf', '2024-07-25 22:26:57'),
(248, 5, 335, 'docs/archivo5_335.pdf', '2024-07-25 22:27:09'),
(249, 6, 335, 'docs/archivo6_335.pdf', '2024-07-25 22:28:34'),
(250, 7, 335, 'docs/archivo7_335.pdf', '2024-07-25 22:29:11'),
(251, 8, 336, 'docs/archivo8_336.pdf', '2024-07-26 03:33:33'),
(252, 2, 308, 'docs/archivo2_308.pdf', '2024-07-26 10:15:09'),
(253, 3, 308, 'docs/archivo3_308.pdf', '2024-07-26 10:15:29'),
(254, 7, 340, 'docs/archivo7_340.pdf', '2024-07-26 16:19:35'),
(255, 4, 340, 'docs/archivo4_340.pdf', '2024-07-29 16:00:20'),
(256, 8, 340, 'docs/archivo8_340.pdf', '2024-07-29 17:07:15'),
(257, 5, 327, 'docs/archivo5_327.pdf', '2024-07-26 22:23:15'),
(258, 11, 327, 'docs/archivo11_327.pdf', '2024-07-26 22:55:10'),
(259, 8, 315, 'docs/archivo8_315.pdf', '2024-07-28 00:02:03'),
(260, 9, 308, 'https://youtu.be/MYT7FY7yAbI?si=uInBFsljixxQD_WS', '2024-07-27 19:53:09'),
(261, 10, 308, 'docs/archivo10_308.pdf', '2024-07-27 20:06:20'),
(262, 8, 308, 'docs/archivo8_308.pdf', '2024-07-27 20:37:33'),
(263, 8, 312, 'docs/archivo8_312.pdf', '2024-08-07 23:04:15'),
(264, 10, 335, 'docs/archivo10_335.pdf', '2024-07-28 14:46:26'),
(265, 11, 335, 'docs/archivo11_335.pdf', '2024-07-28 14:51:48'),
(266, 7, 328, 'docs/archivo7_328.pdf', '2024-07-28 18:15:12'),
(267, 4, 289, 'docs/archivo4_289.pdf', '2024-07-28 20:08:29'),
(268, 5, 289, 'docs/archivo5_289.pdf', '2024-07-28 20:04:28'),
(269, 6, 289, 'docs/archivo6_289.pdf', '2024-07-28 20:10:01'),
(270, 7, 289, 'docs/archivo7_289.pdf', '2024-07-28 20:10:14'),
(271, 11, 289, 'docs/archivo11_289.pdf', '2024-07-28 20:11:00'),
(272, 7, 342, 'docs/archivo7_342.pdf', '2024-07-29 13:04:10'),
(273, 2, 340, 'docs/archivo2_340.pdf', '2024-07-29 13:30:30'),
(274, 5, 340, 'docs/archivo5_340.pdf', '2024-07-29 15:56:03'),
(275, 6, 340, 'docs/archivo6_340.pdf', '2024-07-29 15:57:10'),
(276, 4, 288, 'docs/archivo4_288.pdf', '2024-07-29 16:23:08'),
(277, 5, 288, 'docs/archivo5_288.pdf', '2024-07-29 16:27:35'),
(278, 6, 288, 'docs/archivo6_288.pdf', '2024-07-29 16:28:00'),
(279, 7, 288, 'docs/archivo7_288.pdf', '2024-07-29 16:28:35'),
(280, 11, 288, 'docs/archivo11_288.pdf', '2024-07-29 16:38:19'),
(281, 2, 288, 'docs/archivo2_288.pdf', '2024-07-29 16:51:46'),
(282, 2, 280, 'docs/archivo2_280.pdf', '2024-07-29 17:39:38'),
(283, 3, 280, 'docs/archivo3_280.pdf', '2024-07-29 17:43:38'),
(284, 4, 280, 'docs/archivo4_280.pdf', '2024-07-29 17:51:04'),
(285, 5, 280, 'docs/archivo5_280.pdf', '2024-07-29 17:54:23'),
(286, 6, 280, 'docs/archivo6_280.pdf', '2024-07-29 18:02:35'),
(287, 7, 280, 'docs/archivo7_280.pdf', '2024-07-29 18:02:55'),
(288, 11, 280, 'docs/archivo11_280.pdf', '2024-07-29 18:07:34'),
(289, 8, 280, 'docs/archivo8_280.pdf', '2024-07-29 18:18:52'),
(290, 1, 294, 'docs/archivo1_294.pdf', '2024-07-29 18:24:00'),
(291, 10, 294, 'docs/archivo10_294.pdf', '2024-07-29 18:24:25'),
(292, 2, 326, 'docs/archivo2_326.pdf', '2024-08-07 22:07:58'),
(293, 9, 330, 'https://youtu.be/fiynffsaXDM?si=1G-4D6Vy65HLhfXk', '2024-07-29 22:58:55'),
(294, 3, 288, 'docs/archivo3_288.pdf', '2024-07-30 16:39:50'),
(295, 10, 288, 'docs/archivo10_288.pdf', '2024-07-30 17:15:08'),
(296, 1, 288, 'docs/archivo1_288.pdf', '2024-07-30 17:18:25'),
(297, 3, 335, 'docs/archivo3_335.pdf', '2024-08-09 15:39:25'),
(298, 4, 344, 'docs/archivo4_344.pdf', '2024-07-30 20:48:10'),
(299, 7, 344, 'docs/archivo7_344.pdf', '2024-07-30 20:50:16'),
(300, 11, 344, 'docs/archivo11_344.pdf', '2024-07-30 20:56:37'),
(301, 1, 326, 'docs/archivo1_326.pdf', '2024-07-30 21:36:59'),
(302, 1, 308, 'docs/archivo1_308.pdf', '2024-07-31 13:26:58'),
(303, 7, 345, 'docs/archivo7_345.pdf', '2024-07-31 16:32:18'),
(304, 1, 327, 'docs/archivo1_327.pdf', '2024-07-31 19:27:54'),
(305, 3, 320, 'docs/archivo3_320.pdf', '2024-08-11 20:36:29'),
(306, 1, 320, 'docs/archivo1_320.pdf', '2024-08-11 20:37:28'),
(307, 5, 320, 'docs/archivo5_320.pdf', '2024-07-31 21:53:52'),
(308, 7, 320, 'docs/archivo7_320.pdf', '2024-07-31 21:54:23'),
(309, 11, 320, 'docs/archivo11_320.pdf', '2024-07-31 22:00:08'),
(310, 6, 320, 'docs/archivo6_320.pdf', '2024-07-31 22:12:19'),
(311, 1, 299, 'docs/archivo1_299.pdf', '2024-08-01 16:03:13'),
(312, 3, 299, 'docs/archivo3_299.pdf', '2024-08-01 20:54:24'),
(313, 1, 348, 'docs/archivo1_348.pdf', '2024-08-01 17:35:16'),
(314, 2, 348, 'docs/archivo2_348.pdf', '2024-08-01 17:35:44'),
(315, 3, 348, 'docs/archivo3_348.pdf', '2024-08-01 17:35:55'),
(316, 4, 348, 'docs/archivo4_348.pdf', '2024-08-01 17:36:16'),
(317, 5, 348, 'docs/archivo5_348.pdf', '2024-08-01 17:36:31'),
(318, 6, 348, 'docs/archivo6_348.pdf', '2024-08-01 17:36:45'),
(319, 7, 348, 'docs/archivo7_348.pdf', '2024-08-01 17:37:03'),
(320, 10, 348, 'docs/archivo10_348.pdf', '2024-08-01 17:37:15'),
(321, 11, 348, 'docs/archivo11_348.pdf', '2024-08-01 17:38:00'),
(322, 9, 348, 'https://www.youtube.com/shorts/fkM2R6Jqtuc?feature=share', '2024-08-01 17:38:23'),
(323, 8, 348, 'docs/archivo8_348.pdf', '2024-08-01 17:43:41'),
(324, 10, 280, 'docs/archivo10_280.pdf', '2024-08-01 17:40:45'),
(325, 1, 280, 'docs/archivo1_280.pdf', '2024-08-01 18:12:47'),
(326, 2, 314, 'docs/archivo2_314.pdf', '2024-08-01 19:11:42'),
(327, 3, 314, 'docs/archivo3_314.pdf', '2024-08-01 19:12:11'),
(328, 9, 335, 'https://www.youtube.com/watch?v=FOKwODPxqxc&ab_channel=Sarah%C3%ADJim%C3%A9nez', '2024-08-01 19:33:39'),
(329, 2, 320, 'docs/archivo2_320.pdf', '2024-08-11 20:36:01'),
(330, 10, 320, 'docs/archivo10_320.pdf', '2024-08-02 00:25:40'),
(331, 1, 349, 'docs/archivo1_349.pdf', '2024-08-02 03:42:26'),
(332, 2, 349, 'docs/archivo2_349.pdf', '2024-08-02 03:42:49'),
(333, 3, 349, 'docs/archivo3_349.pdf', '2024-08-02 03:43:13'),
(334, 4, 349, 'docs/archivo4_349.pdf', '2024-08-02 03:44:02'),
(335, 5, 349, 'docs/archivo5_349.pdf', '2024-08-02 03:44:21'),
(336, 6, 349, 'docs/archivo6_349.pdf', '2024-08-02 03:44:37'),
(337, 7, 349, 'docs/archivo7_349.pdf', '2024-08-02 03:45:04'),
(338, 8, 349, 'docs/archivo8_349.pdf', '2024-08-03 02:29:44'),
(339, 9, 349, 'https://youtu.be/9IC2EzXxu5I?si=2T0h99O2g40EKHzz', '2024-08-02 03:48:08'),
(340, 10, 349, 'docs/archivo10_349.pdf', '2024-08-02 04:04:18'),
(341, 11, 349, 'docs/archivo11_349.pdf', '2024-08-02 03:50:46'),
(342, 1, 347, 'docs/archivo1_347.pdf', '2024-08-02 12:20:58'),
(343, 2, 347, 'docs/archivo2_347.pdf', '2024-08-02 12:23:44'),
(344, 3, 347, 'docs/archivo3_347.pdf', '2024-08-02 12:26:30'),
(345, 4, 347, 'docs/archivo4_347.pdf', '2024-08-02 12:41:08'),
(346, 5, 347, 'docs/archivo5_347.pdf', '2024-08-02 12:41:22'),
(347, 7, 347, 'docs/archivo7_347.pdf', '2024-08-02 12:41:38'),
(348, 6, 347, 'docs/archivo6_347.pdf', '2024-08-02 12:47:31'),
(349, 2, 342, 'docs/archivo2_342.pdf', '2024-08-02 13:40:49'),
(350, 5, 342, 'docs/archivo5_342.jpeg', '2024-08-02 13:53:13'),
(351, 6, 342, 'docs/archivo6_342.jpeg', '2024-08-02 13:56:12'),
(352, 8, 347, 'docs/archivo8_347.pdf', '2024-08-05 22:08:26'),
(353, 11, 347, 'docs/archivo11_347.pdf', '2024-08-02 14:44:25'),
(354, 8, 290, 'docs/archivo8_290.pdf', '2024-08-02 15:52:24'),
(355, 1, 351, 'docs/archivo1_351.pdf', '2024-08-02 15:54:23'),
(356, 2, 351, 'docs/archivo2_351.pdf', '2024-08-02 15:55:01'),
(357, 3, 351, 'docs/archivo3_351.pdf', '2024-08-02 15:55:19'),
(358, 4, 351, 'docs/archivo4_351.pdf', '2024-08-02 15:55:38'),
(359, 5, 351, 'docs/archivo5_351.pdf', '2024-08-02 15:55:52'),
(360, 6, 351, 'docs/archivo6_351.pdf', '2024-08-02 15:56:12'),
(361, 7, 351, 'docs/archivo7_351.pdf', '2024-08-02 15:56:29'),
(362, 8, 351, 'docs/archivo8_351.pdf', '2024-08-02 15:56:52'),
(363, 9, 351, 'https://youtu.be/VEo7x8TAJBo?feature=shared', '2024-08-02 15:57:23'),
(364, 10, 351, 'docs/archivo10_351.pdf', '2024-08-02 15:58:09'),
(365, 11, 351, 'docs/archivo11_351.pdf', '2024-08-02 15:58:33'),
(366, 3, 290, 'docs/archivo3_290.pdf', '2024-08-02 16:18:41'),
(367, 1, 352, 'docs/archivo1_352.pdf', '2024-08-02 17:20:50'),
(368, 2, 352, 'docs/archivo2_352.pdf', '2024-08-02 18:18:49'),
(369, 3, 352, 'docs/archivo3_352.pdf', '2024-08-02 17:21:18'),
(370, 4, 352, 'docs/archivo4_352.pdf', '2024-08-02 17:21:33'),
(371, 5, 352, 'docs/archivo5_352.pdf', '2024-08-02 17:21:44'),
(372, 6, 352, 'docs/archivo6_352.pdf', '2024-08-02 17:22:00'),
(373, 7, 352, 'docs/archivo7_352.pdf', '2024-08-02 17:22:21'),
(374, 9, 352, 'https://www.youtube.com/watch?v=e_gEqVTccuc', '2024-08-02 17:22:56'),
(375, 10, 352, 'docs/archivo10_352.pdf', '2024-08-02 17:23:55'),
(376, 11, 352, 'docs/archivo11_352.pdf', '2024-08-02 17:24:15'),
(377, 11, 313, 'docs/archivo11_313.pdf', '2024-08-02 17:30:48'),
(378, 6, 290, 'docs/archivo6_290.pdf', '2024-08-02 17:36:42'),
(379, 7, 313, 'docs/archivo7_313.pdf', '2024-08-02 17:45:24'),
(381, 8, 352, 'docs/archivo8_352.pdf', '2024-08-02 18:12:08'),
(382, 10, 313, 'docs/archivo10_313.pdf', '2024-08-10 16:25:56'),
(383, 6, 313, 'docs/archivo6_313.pdf', '2024-08-02 18:53:38'),
(384, 5, 345, 'docs/archivo5_345.pdf', '2024-08-02 19:04:51'),
(385, 6, 345, 'docs/archivo6_345.pdf', '2024-08-02 19:07:51'),
(386, 2, 290, 'docs/archivo2_290.pdf', '2024-08-02 19:08:42'),
(387, 10, 345, 'docs/archivo10_345.pdf', '2024-08-02 19:28:44'),
(388, 2, 302, 'docs/archivo2_302.pdf', '2024-08-02 22:02:08'),
(389, 11, 342, 'docs/archivo11_342.jpeg', '2024-08-03 11:57:25'),
(390, 10, 347, 'docs/archivo10_347.pdf', '2024-08-03 14:00:29'),
(391, 10, 353, 'docs/archivo10_353.pdf', '2024-08-03 18:18:05'),
(392, 11, 353, 'docs/archivo11_353.pdf', '2024-08-03 18:18:23'),
(393, 1, 353, 'docs/archivo1_353.pdf', '2024-08-03 18:29:59'),
(394, 5, 353, 'docs/archivo5_353.pdf', '2024-08-03 18:41:40'),
(395, 4, 353, 'docs/archivo4_353.pdf', '2024-08-03 18:41:57'),
(396, 6, 353, 'docs/archivo6_353.pdf', '2024-08-03 18:42:14'),
(397, 7, 353, 'docs/archivo7_353.pdf', '2024-08-03 18:42:25'),
(398, 3, 353, 'docs/archivo3_353.pdf', '2024-08-03 19:27:58'),
(399, 8, 353, 'docs/archivo8_353.pdf', '2024-08-04 22:04:43'),
(400, 2, 353, 'docs/archivo2_353.pdf', '2024-08-03 19:56:07'),
(401, 10, 327, 'docs/archivo10_327.pdf', '2024-08-03 22:00:36'),
(402, 10, 315, 'docs/archivo10_315.pdf', '2024-08-04 18:36:36'),
(403, 9, 347, 'https://youtube.com/shorts/Vkg8Hy_6ZGE?si=2_AV2pSxs9RLHO2g', '2024-08-04 19:13:57'),
(404, 1, 318, 'docs/archivo1_318.pdf', '2024-08-05 00:40:11'),
(405, 9, 294, 'https://www.youtube.com/watch?v=nI2WF3wk6yg&ab_channel=%C3%81ngelEmiliano', '2024-08-05 02:42:29'),
(406, 9, 299, 'https://youtu.be/cEX65cyF4oQ?si=PPnBd_Q-F2v2-H-4', '2024-08-05 17:44:31'),
(407, 10, 289, 'docs/archivo10_289.pdf', '2024-08-05 17:50:21'),
(408, 6, 327, 'docs/archivo6_327.pdf', '2024-08-05 18:28:44'),
(409, 11, 345, 'docs/archivo11_345.pdf', '2024-08-05 18:53:11'),
(410, 2, 289, 'docs/archivo2_289.pdf', '2024-08-12 00:25:38'),
(411, 3, 345, 'docs/archivo3_345.pdf', '2024-08-05 19:17:57'),
(412, 2, 345, 'docs/archivo2_345.pdf', '2024-08-05 19:18:22'),
(413, 8, 299, 'docs/archivo8_299.pdf', '2024-08-05 19:05:13'),
(414, 10, 299, 'docs/archivo10_299.pdf', '2024-08-05 19:24:44'),
(415, 1, 354, 'docs/archivo1_354.pdf', '2024-08-05 19:50:07'),
(416, 2, 354, 'docs/archivo2_354.pdf', '2024-08-05 19:50:25'),
(417, 3, 354, 'docs/archivo3_354.pdf', '2024-08-05 19:50:48'),
(418, 4, 354, 'docs/archivo4_354.pdf', '2024-08-05 19:57:49'),
(419, 5, 354, 'docs/archivo5_354.pdf', '2024-08-05 19:58:22'),
(420, 6, 354, 'docs/archivo6_354.pdf', '2024-08-05 19:58:44'),
(421, 7, 354, 'docs/archivo7_354.pdf', '2024-08-05 19:59:29'),
(422, 10, 354, 'docs/archivo10_354.pdf', '2024-08-05 20:00:02'),
(423, 11, 354, 'docs/archivo11_354.pdf', '2024-08-05 20:00:19'),
(424, 1, 289, 'docs/archivo1_289.pdf', '2024-08-12 00:49:17'),
(425, 3, 289, 'docs/archivo3_289.pdf', '2024-08-08 00:09:30'),
(426, 8, 354, 'docs/archivo8_354.pdf', '2024-08-05 21:40:44'),
(427, 9, 354, 'https://youtu.be/JYU1jHsDXkk?si=fNAyIFFBm1RhzhNW', '2024-08-05 21:47:42'),
(428, 3, 302, 'docs/archivo3_302.pdf', '2024-08-05 22:39:30'),
(429, 11, 343, 'docs/archivo11_343.pdf', '2024-08-05 23:56:00'),
(430, 2, 346, 'docs/archivo2_346.pdf', '2024-08-06 10:47:57'),
(431, 4, 346, 'docs/archivo4_346.pdf', '2024-08-06 10:48:11'),
(432, 5, 346, 'docs/archivo5_346.pdf', '2024-08-06 10:48:32'),
(433, 6, 346, 'docs/archivo6_346.pdf', '2024-08-06 10:48:53'),
(434, 7, 346, 'docs/archivo7_346.pdf', '2024-08-06 10:49:09'),
(435, 11, 346, 'docs/archivo11_346.pdf', '2024-08-06 10:49:25'),
(436, 2, 357, 'docs/archivo2_357.pdf', '2024-08-06 10:56:22'),
(437, 3, 357, 'docs/archivo3_357.pdf', '2024-08-06 10:56:59'),
(438, 4, 357, 'docs/archivo4_357.pdf', '2024-08-06 10:57:21'),
(439, 5, 357, 'docs/archivo5_357.pdf', '2024-08-06 11:01:39'),
(440, 6, 357, 'docs/archivo6_357.pdf', '2024-08-06 11:02:53'),
(441, 7, 357, 'docs/archivo7_357.pdf', '2024-08-06 11:03:16'),
(442, 11, 357, 'docs/archivo11_357.pdf', '2024-08-06 11:03:40'),
(443, 9, 302, 'https://youtube.com/shorts/-JBqDYYxIyU?feature=share', '2024-08-06 12:19:35'),
(444, 11, 340, 'docs/archivo11_340.pdf', '2024-08-06 13:32:41'),
(445, 1, 358, 'docs/archivo1_358.pdf', '2024-08-06 14:46:51'),
(446, 2, 358, 'docs/archivo2_358.pdf', '2024-08-06 14:48:16'),
(447, 3, 358, 'docs/archivo3_358.pdf', '2024-08-06 14:48:25'),
(448, 4, 358, 'docs/archivo4_358.pdf', '2024-08-06 14:48:36'),
(449, 5, 358, 'docs/archivo5_358.pdf', '2024-08-06 14:48:54'),
(450, 6, 358, 'docs/archivo6_358.pdf', '2024-08-06 14:49:18'),
(451, 7, 358, 'docs/archivo7_358.pdf', '2024-08-06 14:49:29'),
(452, 8, 358, 'docs/archivo8_358.pdf', '2024-08-06 14:49:51'),
(453, 9, 358, 'https://youtu.be/8vubJiXnyog?si=wBnldx832_Ve9GGU', '2024-08-06 14:50:27'),
(454, 10, 358, 'docs/archivo10_358.pdf', '2024-08-06 14:50:41'),
(455, 11, 358, 'docs/archivo11_358.pdf', '2024-08-06 14:50:49'),
(456, 9, 288, 'https://youtu.be/SB4P6D2hYx0', '2024-08-06 16:13:12'),
(457, 3, 327, 'docs/archivo3_327.pdf', '2024-08-06 16:20:55'),
(458, 1, 313, 'docs/archivo1_313.pdf', '2024-08-10 16:23:28'),
(459, 8, 288, 'docs/archivo8_288.pdf', '2024-08-06 17:03:13'),
(460, 8, 346, 'docs/archivo8_346.pdf', '2024-08-06 18:49:10'),
(461, 3, 346, 'docs/archivo3_346.pdf', '2024-08-06 19:14:11'),
(462, 10, 346, 'docs/archivo10_346.pdf', '2024-08-06 20:07:11'),
(463, 1, 346, 'docs/archivo1_346.pdf', '2024-08-06 20:07:32'),
(464, 11, 312, 'docs/archivo11_312.pdf', '2024-08-06 23:07:14'),
(465, 6, 312, 'docs/archivo6_312.pdf', '2024-08-06 23:11:23'),
(466, 7, 318, 'docs/archivo7_318.pdf', '2024-08-06 23:24:45'),
(467, 6, 318, 'docs/archivo6_318.pdf', '2024-08-06 23:38:11'),
(468, 5, 318, 'docs/archivo5_318.pdf', '2024-08-06 23:39:31'),
(469, 4, 318, 'docs/archivo4_318.pdf', '2024-08-06 23:40:06'),
(470, 4, 343, 'docs/archivo4_343.pdf', '2024-08-06 23:42:05'),
(471, 11, 318, 'docs/archivo11_318.pdf', '2024-08-07 00:17:32'),
(472, 2, 359, 'docs/archivo2_359.pdf', '2024-08-07 00:31:52'),
(473, 4, 359, 'docs/archivo4_359.pdf', '2024-08-07 00:32:38'),
(474, 5, 359, 'docs/archivo5_359.pdf', '2024-08-07 00:33:10'),
(475, 7, 359, 'docs/archivo7_359.pdf', '2024-08-07 00:33:24'),
(476, 11, 359, 'docs/archivo11_359.pdf', '2024-08-12 05:48:39'),
(477, 8, 335, 'docs/archivo8_335.pdf', '2024-08-09 14:05:42'),
(478, 2, 335, 'docs/archivo2_335.pdf', '2024-08-09 15:39:34'),
(479, 1, 290, 'docs/archivo1_290.pdf', '2024-08-07 12:33:51'),
(480, 1, 312, 'docs/archivo1_312.pdf', '2024-08-07 13:01:02'),
(481, 9, 290, 'https://www.youtube.com/watch?v=yg1qfgcM2m0', '2024-08-07 14:37:14'),
(482, 10, 343, 'docs/archivo10_343.pdf', '2024-08-07 17:57:53'),
(483, 6, 343, 'docs/archivo6_343.pdf', '2024-08-07 18:50:57'),
(484, 5, 343, 'docs/archivo5_343.pdf', '2024-08-07 19:17:23'),
(485, 1, 361, 'docs/archivo1_361.PDF', '2024-08-07 19:33:02'),
(486, 2, 361, 'docs/archivo2_361.PDF', '2024-08-07 19:33:29'),
(487, 3, 361, 'docs/archivo3_361.PDF', '2024-08-07 19:37:04'),
(488, 4, 361, 'docs/archivo4_361.PDF', '2024-08-07 19:37:25'),
(489, 5, 361, 'docs/archivo5_361.PDF', '2024-08-07 19:37:45'),
(490, 6, 361, 'docs/archivo6_361.PDF', '2024-08-07 19:38:11'),
(491, 7, 361, 'docs/archivo7_361.PDF', '2024-08-07 19:38:34'),
(492, 10, 361, 'docs/archivo10_361.PDF', '2024-08-07 19:39:10'),
(493, 11, 361, 'docs/archivo11_361.PDF', '2024-08-07 19:39:42'),
(494, 8, 361, 'docs/archivo8_361.pdf', '2024-08-07 19:42:06'),
(495, 9, 361, 'https://youtu.be/6KdPYaSfn0Q?si=9KCJ882VeOUkj53h', '2024-08-07 19:57:05'),
(496, 2, 362, 'docs/archivo2_362.pdf', '2024-08-07 21:06:46'),
(497, 1, 362, 'docs/archivo1_362.pdf', '2024-08-07 21:07:01'),
(498, 3, 362, 'docs/archivo3_362.pdf', '2024-08-07 21:07:14'),
(499, 4, 362, 'docs/archivo4_362.pdf', '2024-08-07 21:07:28'),
(500, 5, 362, 'docs/archivo5_362.pdf', '2024-08-07 21:08:09'),
(501, 7, 362, 'docs/archivo7_362.pdf', '2024-08-07 21:08:25'),
(502, 10, 362, 'docs/archivo10_362.pdf', '2024-08-07 21:08:54'),
(503, 5, 356, 'docs/archivo5_356.pdf', '2024-08-07 21:55:12'),
(504, 9, 326, 'https://youtu.be/OEyMd_5Ilzw?si=dGurRw_j1fJSzTvI', '2024-08-07 22:09:26'),
(505, 4, 356, 'docs/archivo4_356.pdf', '2024-08-07 22:21:30'),
(506, 7, 356, 'docs/archivo7_356.pdf', '2024-08-07 22:33:43'),
(507, 8, 289, 'docs/archivo8_289.pdf', '2024-08-12 00:36:47'),
(508, 1, 363, 'docs/archivo1_363.pdf', '2024-08-08 00:24:06'),
(509, 2, 363, 'docs/archivo2_363.pdf', '2024-08-08 00:24:22'),
(510, 3, 363, 'docs/archivo3_363.pdf', '2024-08-08 00:24:36'),
(511, 4, 363, 'docs/archivo4_363.pdf', '2024-08-08 00:24:55'),
(512, 5, 363, 'docs/archivo5_363.pdf', '2024-08-08 00:25:34'),
(513, 6, 363, 'docs/archivo6_363.pdf', '2024-08-08 00:30:41'),
(514, 7, 363, 'docs/archivo7_363.pdf', '2024-08-08 00:26:26'),
(515, 8, 363, 'docs/archivo8_363.pdf', '2024-08-08 00:26:58'),
(516, 9, 363, 'https://www.youtube.com/shorts/lyNughM1ZMs', '2024-08-08 00:27:22'),
(517, 10, 363, 'docs/archivo10_363.pdf', '2024-08-08 00:27:48'),
(518, 11, 363, 'docs/archivo11_363.pdf', '2024-08-08 00:28:00'),
(519, 4, 364, 'docs/archivo4_364.pdf', '2024-08-08 14:12:34'),
(520, 5, 364, 'docs/archivo5_364.pdf', '2024-08-08 14:13:05'),
(521, 7, 364, 'docs/archivo7_364.pdf', '2024-08-08 14:13:38'),
(522, 2, 365, 'docs/archivo2_365.pdf', '2024-08-08 14:14:58'),
(523, 4, 365, 'docs/archivo4_365.pdf', '2024-08-08 14:15:39'),
(524, 7, 365, 'docs/archivo7_365.pdf', '2024-08-08 14:17:45'),
(525, 11, 365, 'docs/archivo11_365.pdf', '2024-08-08 14:26:15'),
(526, 10, 365, 'docs/archivo10_365.pdf', '2024-08-08 14:42:45'),
(527, 3, 365, 'docs/archivo3_365.pdf', '2024-08-08 14:50:01'),
(528, 4, 366, 'docs/archivo4_366.pdf', '2024-08-08 14:53:58'),
(529, 5, 366, 'docs/archivo5_366.pdf', '2024-08-11 05:04:56'),
(530, 7, 366, 'docs/archivo7_366.pdf', '2024-08-08 14:56:09'),
(531, 2, 366, 'docs/archivo2_366.pdf', '2024-08-08 15:00:04'),
(532, 3, 366, 'docs/archivo3_366.pdf', '2024-08-08 15:02:57'),
(533, 11, 366, 'docs/archivo11_366.pdf', '2024-08-08 15:12:33'),
(534, 7, 367, 'docs/archivo7_367.pdf', '2024-08-08 16:22:34'),
(535, 4, 345, 'docs/archivo4_345.pdf', '2024-08-08 17:24:23'),
(536, 3, 313, 'docs/archivo3_313.pdf', '2024-08-10 16:24:01'),
(537, 4, 313, 'docs/archivo4_313.pdf', '2024-08-08 18:46:55'),
(538, 5, 367, 'docs/archivo5_367.pdf', '2024-08-08 18:49:14'),
(539, 4, 367, 'docs/archivo4_367.pdf', '2024-08-08 18:49:59'),
(540, 1, 367, 'docs/archivo1_367.pdf', '2024-08-08 19:02:38'),
(541, 3, 318, 'docs/archivo3_318.pdf', '2024-08-08 19:05:21'),
(542, 10, 367, 'docs/archivo10_367.pdf', '2024-08-08 19:05:22'),
(543, 8, 318, 'docs/archivo8_318.pdf', '2024-08-08 19:39:29'),
(544, 10, 318, 'docs/archivo10_318.pdf', '2024-08-08 19:14:56'),
(545, 2, 370, 'docs/archivo2_370.pdf', '2024-08-08 19:17:39'),
(546, 3, 370, 'docs/archivo3_370.pdf', '2024-08-08 19:44:53'),
(547, 1, 370, 'docs/archivo1_370.pdf', '2024-08-08 19:39:34'),
(548, 4, 370, 'docs/archivo4_370.pdf', '2024-08-08 19:39:42'),
(549, 5, 370, 'docs/archivo5_370.pdf', '2024-08-08 19:39:51'),
(550, 6, 370, 'docs/archivo6_370.pdf', '2024-08-08 19:39:59'),
(551, 7, 370, 'docs/archivo7_370.pdf', '2024-08-08 19:40:11'),
(552, 8, 370, 'docs/archivo8_370.pdf', '2024-08-08 19:40:18'),
(553, 9, 370, 'https://youtube.com/shorts/Yowk3M5Q0MU?feature=shared', '2024-08-08 19:40:45'),
(554, 10, 370, 'docs/archivo10_370.pdf', '2024-08-08 19:41:52'),
(555, 11, 370, 'docs/archivo11_370.pdf', '2024-08-08 19:42:02'),
(556, 1, 357, 'docs/archivo1_357.pdf', '2024-08-08 20:44:18'),
(557, 8, 357, 'docs/archivo8_357.pdf', '2024-08-08 20:44:52'),
(558, 10, 357, 'docs/archivo10_357.pdf', '2024-08-08 20:45:17'),
(559, 9, 357, 'https://youtu.be/igzllhM_b4U', '2024-08-08 20:47:14'),
(560, 9, 280, 'https://youtu.be/mZCuLJulIUY?feature=shared', '2024-08-08 21:25:41'),
(561, 5, 372, 'docs/archivo5_372.pdf', '2024-08-08 21:48:01'),
(562, 7, 372, 'docs/archivo7_372.pdf', '2024-08-08 21:48:23'),
(563, 7, 343, 'docs/archivo7_343.pdf', '2024-08-08 22:10:36'),
(564, 4, 342, 'docs/archivo4_342.jpeg', '2024-08-08 22:12:45'),
(565, 1, 343, 'docs/archivo1_343.pdf', '2024-08-08 22:26:46'),
(566, 6, 364, 'docs/archivo6_364.pdf', '2024-08-08 22:58:42'),
(567, 7, 374, 'docs/archivo7_374.pdf', '2024-08-08 23:02:16'),
(568, 4, 374, 'docs/archivo4_374.pdf', '2024-08-08 23:12:20'),
(569, 11, 364, 'docs/archivo11_364.pdf', '2024-08-08 23:12:46'),
(570, 6, 374, 'docs/archivo6_374.pdf', '2024-08-08 23:16:49'),
(571, 2, 343, 'docs/archivo2_343.pdf', '2024-08-08 23:39:37'),
(572, 2, 371, 'docs/archivo2_371.pdf', '2024-08-08 23:55:15'),
(573, 8, 359, 'docs/archivo8_359.pdf', '2024-08-12 04:55:28'),
(574, 3, 364, 'docs/archivo3_364.pdf', '2024-08-09 10:35:16'),
(575, 4, 303, 'docs/archivo4_303.pdf', '2024-08-09 12:09:29'),
(576, 5, 303, 'docs/archivo5_303.pdf', '2024-08-09 12:10:58'),
(577, 7, 303, 'docs/archivo7_303.pdf', '2024-08-09 12:12:40'),
(578, 10, 364, 'docs/archivo10_364.pdf', '2024-08-09 12:18:40'),
(579, 11, 303, 'docs/archivo11_303.pdf', '2024-08-09 12:14:30'),
(580, 2, 364, 'docs/archivo2_364.pdf', '2024-08-09 12:19:16'),
(581, 2, 303, 'docs/archivo2_303.pdf', '2024-08-09 12:22:27'),
(582, 3, 303, 'docs/archivo3_303.pdf', '2024-08-09 12:23:34'),
(583, 8, 303, 'docs/archivo8_303.pdf', '2024-08-09 12:24:58'),
(584, 7, 378, 'docs/archivo7_378.pdf', '2024-08-09 12:40:26'),
(585, 4, 378, 'docs/archivo4_378.pdf', '2024-08-09 12:40:54'),
(586, 11, 377, 'docs/archivo11_377.pdf', '2024-08-09 12:41:05'),
(587, 11, 377, 'docs/archivo11_377.pdf', '2024-08-09 12:41:18'),
(588, 6, 377, 'docs/archivo6_377.pdf', '2024-08-09 12:45:07'),
(589, 5, 378, 'docs/archivo5_378.pdf', '2024-08-09 12:43:23'),
(590, 8, 364, 'docs/archivo8_364.pdf', '2024-08-09 12:44:17'),
(591, 7, 377, 'docs/archivo7_377.pdf', '2024-08-09 12:45:49'),
(592, 5, 377, 'docs/archivo5_377.pdf', '2024-08-09 12:48:30'),
(593, 6, 378, 'docs/archivo6_378.pdf', '2024-08-09 13:35:01'),
(594, 1, 355, 'docs/archivo1_355.pdf', '2024-08-09 13:40:58'),
(595, 9, 353, 'https://youtu.be/-1WTMRDc6ss', '2024-08-09 13:41:16'),
(596, 2, 355, 'docs/archivo2_355.pdf', '2024-08-09 13:51:35'),
(597, 3, 355, 'docs/archivo3_355.pdf', '2024-08-09 13:54:24'),
(598, 4, 355, 'docs/archivo4_355.pdf', '2024-08-09 13:56:24'),
(599, 5, 355, 'docs/archivo5_355.pdf', '2024-08-09 13:56:46'),
(600, 7, 355, 'docs/archivo7_355.pdf', '2024-08-09 13:59:07'),
(601, 8, 355, 'docs/archivo8_355.pdf', '2024-08-09 14:01:32'),
(602, 9, 355, 'https://youtu.be/NLBsKu_E7qI', '2024-08-09 14:10:22'),
(603, 1, 335, 'docs/archivo1_335.pdf', '2024-08-09 14:11:39'),
(604, 4, 381, 'docs/archivo4_381.pdf', '2024-08-09 14:12:05'),
(605, 5, 381, 'docs/archivo5_381.pdf', '2024-08-09 14:12:28'),
(606, 7, 381, 'docs/archivo7_381.pdf', '2024-08-09 14:12:50'),
(607, 9, 296, 'https://youtu.be/xJ-i4EH9TN4', '2024-08-09 14:19:35'),
(608, 6, 381, 'docs/archivo6_381.pdf', '2024-08-09 14:21:07'),
(609, 10, 355, 'docs/archivo10_355.pdf', '2024-08-09 14:34:45'),
(610, 11, 355, 'docs/archivo11_355.pdf', '2024-08-09 14:35:19'),
(611, 6, 355, 'docs/archivo6_355.pdf', '2024-08-09 14:38:12'),
(612, 4, 383, 'docs/archivo4_383.pdf', '2024-08-09 14:58:01'),
(613, 5, 383, 'docs/archivo5_383.pdf', '2024-08-09 15:00:40'),
(614, 8, 365, 'docs/archivo8_365.pdf', '2024-08-09 15:02:20'),
(615, 4, 292, 'docs/archivo4_292.pdf', '2024-08-09 15:04:41'),
(616, 10, 381, 'docs/archivo10_381.pdf', '2024-08-09 15:18:48'),
(617, 10, 383, 'docs/archivo10_383.pdf', '2024-08-09 15:25:02'),
(618, 7, 383, 'docs/archivo7_383.pdf', '2024-08-09 15:25:37'),
(619, 5, 379, 'docs/archivo5_379.pdf', '2024-08-09 16:45:42'),
(620, 1, 337, 'docs/archivo1_337.pdf', '2024-08-09 19:42:31'),
(621, 6, 379, 'docs/archivo6_379.pdf', '2024-08-09 17:30:32'),
(622, 10, 340, 'docs/archivo10_340.pdf', '2024-08-09 17:57:35'),
(623, 1, 384, 'docs/archivo1_384.pdf', '2024-08-09 18:47:41'),
(624, 2, 384, 'docs/archivo2_384.pdf', '2024-08-09 18:15:27'),
(625, 3, 384, 'docs/archivo3_384.pdf', '2024-08-09 18:32:20'),
(626, 5, 385, 'docs/archivo5_385.pdf', '2024-08-09 18:36:27'),
(627, 1, 345, 'docs/archivo1_345.pdf', '2024-08-09 18:40:18'),
(628, 8, 345, 'docs/archivo8_345.pdf', '2024-08-09 18:40:45'),
(629, 10, 384, 'docs/archivo10_384.pdf', '2024-08-09 18:48:02'),
(630, 11, 384, 'docs/archivo11_384.pdf', '2024-08-09 18:49:05'),
(631, 5, 384, 'docs/archivo5_384.pdf', '2024-08-09 18:49:21'),
(632, 7, 384, 'docs/archivo7_384.pdf', '2024-08-09 18:49:33'),
(633, 4, 384, 'docs/archivo4_384.pdf', '2024-08-09 18:49:51'),
(634, 8, 384, 'docs/archivo8_384.pdf', '2024-08-09 19:04:28'),
(635, 6, 384, 'docs/archivo6_384.pdf', '2024-08-09 18:58:50'),
(636, 9, 384, 'https://www.youtube.com/watch?v=y-wcyBohh2Q', '2024-08-09 19:01:37'),
(637, 3, 386, 'docs/archivo3_386.docx', '2024-08-09 19:05:31'),
(638, 1, 386, 'docs/archivo1_386.pdf', '2024-08-09 19:06:17'),
(639, 11, 386, 'docs/archivo11_386.pdf', '2024-08-09 19:06:43'),
(640, 10, 386, 'docs/archivo10_386.docx', '2024-08-09 19:24:45'),
(641, 5, 386, 'docs/archivo5_386.pdf', '2024-08-09 19:37:40'),
(642, 6, 386, 'docs/archivo6_386.pdf', '2024-08-09 19:46:11'),
(643, 4, 386, 'docs/archivo4_386.pdf', '2024-08-09 19:48:38'),
(644, 7, 386, 'docs/archivo7_386.pdf', '2024-08-09 19:49:46'),
(645, 5, 324, 'docs/archivo5_324.pdf', '2024-08-09 20:11:32'),
(646, 4, 324, 'docs/archivo4_324.pdf', '2024-08-12 03:16:37'),
(647, 6, 324, 'docs/archivo6_324.pdf', '2024-08-09 20:15:04'),
(648, 7, 324, 'docs/archivo7_324.pdf', '2024-08-09 20:15:43'),
(649, 11, 324, 'docs/archivo11_324.pdf', '2024-08-09 20:19:53'),
(650, 1, 303, 'docs/archivo1_303.pdf', '2024-08-09 20:29:42'),
(651, 6, 303, 'docs/archivo6_303.pdf', '2024-08-09 20:31:08'),
(652, 8, 362, 'docs/archivo8_362.pdf', '2024-08-09 20:31:10'),
(653, 11, 362, 'docs/archivo11_362.pdf', '2024-08-09 20:31:32'),
(654, 6, 362, 'docs/archivo6_362.pdf', '2024-08-09 20:32:21'),
(655, 10, 303, 'docs/archivo10_303.pdf', '2024-08-09 20:32:27'),
(656, 6, 309, 'docs/archivo6_309.pdf', '2024-08-09 20:39:27'),
(657, 2, 309, 'docs/archivo2_309.pdf', '2024-08-09 20:42:46'),
(658, 1, 309, 'docs/archivo1_309.pdf', '2024-08-09 20:43:26'),
(659, 2, 324, 'docs/archivo2_324.pdf', '2024-08-09 20:45:11'),
(660, 9, 362, 'https://youtu.be/4z6bB5nj4p0', '2024-08-09 20:51:44'),
(661, 3, 309, 'docs/archivo3_309.pdf', '2024-08-09 21:34:43'),
(662, 9, 342, 'https://youtu.be/XdpPXYtU3wQ?si=kr9OY5t5ZHG5468L', '2024-08-09 22:51:32'),
(663, 5, 389, 'docs/archivo5_389.pdf', '2024-08-09 23:18:57'),
(664, 4, 389, 'docs/archivo4_389.pdf', '2024-08-09 23:19:42'),
(665, 7, 389, 'docs/archivo7_389.pdf', '2024-08-09 23:20:18'),
(666, 11, 389, 'docs/archivo11_389.pdf', '2024-08-09 23:21:40'),
(667, 2, 389, 'docs/archivo2_389.pdf', '2024-08-09 23:35:37'),
(668, 1, 342, 'docs/archivo1_342.pdf', '2024-08-11 21:00:33'),
(669, 11, 378, 'docs/archivo11_378.pdf', '2024-08-09 23:44:23'),
(670, 1, 391, 'docs/archivo1_391.pdf', '2024-08-09 23:56:26'),
(671, 2, 391, 'docs/archivo2_391.pdf', '2024-08-10 01:34:59'),
(672, 3, 391, 'docs/archivo3_391.pdf', '2024-08-10 01:10:12'),
(673, 10, 389, 'docs/archivo10_389.pdf', '2024-08-10 00:00:11'),
(674, 5, 391, 'docs/archivo5_391.pdf', '2024-08-10 00:00:15'),
(675, 10, 391, 'docs/archivo10_391.pdf', '2024-08-10 00:01:47'),
(676, 7, 391, 'docs/archivo7_391.pdf', '2024-08-10 00:03:24'),
(677, 1, 389, 'docs/archivo1_389.pdf', '2024-08-12 01:32:28'),
(678, 4, 391, 'docs/archivo4_391.pdf', '2024-08-10 00:39:50'),
(679, 3, 342, 'docs/archivo3_342.pdf', '2024-08-10 00:47:21'),
(680, 3, 389, 'docs/archivo3_389.pdf', '2024-08-12 01:28:44'),
(681, 6, 391, 'docs/archivo6_391.pdf', '2024-08-10 00:53:25'),
(682, 11, 391, 'docs/archivo11_391.pdf', '2024-08-10 01:00:15'),
(683, 8, 391, 'docs/archivo8_391.pdf', '2024-08-10 01:36:47'),
(684, 2, 378, 'docs/archivo2_378.pdf', '2024-08-10 09:41:49'),
(685, 9, 391, 'https://www.youtube.com/watch?v=BCI-sRZy_ro', '2024-08-10 02:04:21'),
(686, 2, 387, 'docs/archivo2_387.pdf', '2024-08-10 02:30:02'),
(687, 6, 387, 'docs/archivo6_387.pdf', '2024-08-10 02:45:59'),
(688, 7, 387, 'docs/archivo7_387.pdf', '2024-08-10 02:48:41'),
(689, 10, 387, 'docs/archivo10_387.pdf', '2024-08-10 03:26:31'),
(690, 9, 278, 'https://youtu.be/sxH5KV4h-7g', '2024-08-10 10:57:19'),
(691, 10, 309, 'docs/archivo10_309.pdf', '2024-08-10 13:01:56'),
(692, 1, 393, 'docs/archivo1_393.pdf', '2024-08-10 15:37:51'),
(693, 2, 393, 'docs/archivo2_393.pdf', '2024-08-10 15:39:20'),
(694, 3, 393, 'docs/archivo3_393.pdf', '2024-08-10 15:39:36'),
(695, 4, 393, 'docs/archivo4_393.pdf', '2024-08-10 16:12:30'),
(696, 5, 393, 'docs/archivo5_393.pdf', '2024-08-10 16:12:43'),
(697, 6, 393, 'docs/archivo6_393.pdf', '2024-08-10 16:12:57'),
(698, 7, 393, 'docs/archivo7_393.pdf', '2024-08-10 16:13:17'),
(699, 8, 393, 'docs/archivo8_393.pdf', '2024-08-10 16:13:35'),
(700, 10, 393, 'docs/archivo10_393.pdf', '2024-08-10 16:13:49'),
(701, 11, 393, 'docs/archivo11_393.pdf', '2024-08-10 16:14:57'),
(702, 2, 337, 'docs/archivo2_337.pdf', '2024-08-10 20:55:25'),
(703, 9, 393, 'https://youtube.com/shorts/d6lj2fW-zws?si=B8jpnTsD-6sRdigB', '2024-08-10 18:24:42'),
(704, 8, 378, 'docs/archivo8_378.pdf', '2024-08-12 03:04:15'),
(705, 3, 337, 'docs/archivo3_337.pdf', '2024-08-10 19:48:06'),
(706, 8, 337, 'docs/archivo8_337.pdf', '2024-08-10 20:43:59'),
(707, 1, 366, 'docs/archivo1_366.pdf', '2024-08-10 20:57:04'),
(708, 10, 366, 'docs/archivo10_366.pdf', '2024-08-10 20:58:33'),
(709, 6, 366, 'docs/archivo6_366.pdf', '2024-08-10 20:59:57'),
(710, 10, 378, 'docs/archivo10_378.pdf', '2024-08-10 21:40:17'),
(711, 1, 392, 'docs/archivo1_392.pdf', '2024-08-10 21:47:45'),
(712, 3, 392, 'docs/archivo3_392.pdf', '2024-08-10 21:52:41'),
(713, 2, 392, 'docs/archivo2_392.pdf', '2024-08-10 21:54:18'),
(714, 7, 392, 'docs/archivo7_392.pdf', '2024-08-10 21:57:43'),
(715, 10, 392, 'docs/archivo10_392.pdf', '2024-08-10 21:58:33'),
(716, 11, 392, 'docs/archivo11_392.pdf', '2024-08-10 22:00:19'),
(717, 2, 381, 'docs/archivo2_381.pdf', '2024-08-10 22:03:27'),
(718, 2, 356, 'docs/archivo2_356.pdf', '2024-08-11 23:33:05'),
(719, 5, 392, 'docs/archivo5_392.pdf', '2024-08-10 22:38:52'),
(720, 8, 381, 'docs/archivo8_381.pdf', '2024-08-10 22:53:11'),
(721, 1, 381, 'docs/archivo1_381.pdf', '2024-08-10 22:50:17'),
(722, 9, 392, 'https://youtu.be/-SavNo7q1T4', '2024-08-10 22:55:00'),
(723, 11, 381, 'docs/archivo11_381.pdf', '2024-08-10 23:00:50'),
(724, 9, 303, 'https://youtube.com/shorts/r-enY3b9QfI?si=Iy7-VKgU9BNC0ixK', '2024-08-10 23:06:25'),
(725, 3, 381, 'docs/archivo3_381.pdf', '2024-08-10 23:11:58'),
(726, 3, 356, 'docs/archivo3_356.pdf', '2024-08-10 23:37:58'),
(727, 2, 396, 'docs/archivo2_396.pdf', '2024-08-11 01:37:53'),
(728, 5, 396, 'docs/archivo5_396.pdf', '2024-08-11 00:11:29'),
(729, 7, 396, 'docs/archivo7_396.pdf', '2024-08-11 00:13:40'),
(730, 1, 376, 'docs/archivo1_376.pdf', '2024-08-11 00:14:27'),
(731, 2, 376, 'docs/archivo2_376.pdf', '2024-08-11 00:14:46'),
(732, 3, 376, 'docs/archivo3_376.docx', '2024-08-11 00:17:03'),
(733, 4, 376, 'docs/archivo4_376.jpeg', '2024-08-11 00:17:41'),
(734, 5, 376, 'docs/archivo5_376.jpeg', '2024-08-11 00:18:11'),
(735, 6, 376, 'docs/archivo6_376.jpeg', '2024-08-11 00:18:35'),
(736, 7, 376, 'docs/archivo7_376.pdf', '2024-08-11 00:18:52'),
(737, 9, 376, 'https://youtube.com/shorts/k6oah7Rm4J8?si=BsVeVLDF8vtPxSCD', '2024-08-11 00:19:52'),
(738, 10, 376, 'docs/archivo10_376.pdf', '2024-08-11 00:20:11'),
(739, 11, 376, 'docs/archivo11_376.jpeg', '2024-08-11 00:20:54'),
(740, 8, 376, 'docs/archivo8_376.mov', '2024-08-11 00:25:03'),
(742, 2, 397, 'docs/archivo2_397.pdf', '2024-08-11 00:43:02'),
(743, 3, 397, 'docs/archivo3_397.pdf', '2024-08-11 00:43:16'),
(744, 4, 397, 'docs/archivo4_397.pdf', '2024-08-11 00:43:59'),
(745, 5, 397, 'docs/archivo5_397.pdf', '2024-08-11 00:45:14'),
(746, 7, 397, 'docs/archivo7_397.pdf', '2024-08-11 00:45:44'),
(747, 11, 397, 'docs/archivo11_397.pdf', '2024-08-11 00:46:38'),
(748, 10, 397, 'docs/archivo10_397.pdf', '2024-08-11 00:56:25'),
(749, 1, 397, 'docs/archivo1_397.pdf', '2024-08-11 01:01:49'),
(750, 8, 397, 'docs/archivo8_397.pdf', '2024-08-11 01:06:26'),
(751, 4, 398, 'docs/archivo4_398.pdf', '2024-08-11 01:43:34'),
(752, 11, 297, 'docs/archivo11_297.pdf', '2024-08-11 03:00:35'),
(753, 7, 297, 'docs/archivo7_297.pdf', '2024-08-11 03:02:39'),
(754, 4, 297, 'docs/archivo4_297.pdf', '2024-08-11 03:04:02'),
(755, 5, 297, 'docs/archivo5_297.pdf', '2024-08-11 03:05:18'),
(756, 4, 399, 'docs/archivo4_399.pdf', '2024-08-11 03:10:44'),
(757, 5, 399, 'docs/archivo5_399.pdf', '2024-08-11 03:12:33'),
(758, 7, 399, 'docs/archivo7_399.pdf', '2024-08-11 03:18:19'),
(759, 6, 397, 'docs/archivo6_397.pdf', '2024-08-11 03:21:38'),
(760, 1, 400, 'docs/archivo1_400.pdf', '2024-08-11 04:23:14'),
(761, 2, 400, 'docs/archivo2_400.pdf', '2024-08-11 03:24:24'),
(762, 3, 400, 'docs/archivo3_400.pdf', '2024-08-11 04:25:40'),
(763, 9, 397, 'https://youtu.be/4AlanGhjiec', '2024-08-11 03:25:46'),
(764, 4, 400, 'docs/archivo4_400.pdf', '2024-08-11 03:26:47'),
(765, 5, 400, 'docs/archivo5_400.pdf', '2024-08-11 03:27:06'),
(766, 6, 400, 'docs/archivo6_400.pdf', '2024-08-11 03:27:44'),
(767, 7, 400, 'docs/archivo7_400.pdf', '2024-08-11 03:28:05'),
(768, 8, 400, 'docs/archivo8_400.pdf', '2024-08-11 03:29:57'),
(769, 10, 400, 'docs/archivo10_400.pdf', '2024-08-11 04:29:09'),
(770, 11, 400, 'docs/archivo11_400.pdf', '2024-08-11 03:31:44'),
(771, 8, 306, 'docs/archivo8_306.pdf', '2024-08-11 03:51:27'),
(772, 9, 400, 'https://youtu.be/m9NiuzjhEB0?si=83urpe44NGBRTmi7', '2024-08-11 03:59:10'),
(773, 8, 366, 'docs/archivo8_366.pdf', '2024-08-11 05:02:34'),
(774, 9, 315, 'https://youtu.be/C_MliHJXHg8?si=5Os2W9rsIu8XYOra', '2024-08-11 04:53:34'),
(775, 9, 366, 'https://youtu.be/e23lseZvvYA?si=-5vnttlerm2P4uKV', '2024-08-11 04:47:19'),
(777, 1, 395, 'docs/archivo1_395.pdf', '2024-08-11 08:53:55'),
(778, 2, 395, 'docs/archivo2_395.pdf', '2024-08-11 08:54:15'),
(779, 4, 395, 'docs/archivo4_395.pdf', '2024-08-11 08:54:32'),
(780, 5, 395, 'docs/archivo5_395.pdf', '2024-08-11 08:54:44'),
(781, 6, 395, 'docs/archivo6_395.pdf', '2024-08-11 08:55:26'),
(782, 7, 395, 'docs/archivo7_395.pdf', '2024-08-11 08:55:37'),
(783, 8, 395, 'docs/archivo8_395.pdf', '2024-08-11 08:55:58'),
(784, 10, 395, 'docs/archivo10_395.pdf', '2024-08-11 08:56:10'),
(785, 3, 395, 'docs/archivo3_395.pdf', '2024-08-11 09:29:45'),
(786, 4, 401, 'docs/archivo4_401.pdf', '2024-08-12 09:09:11'),
(787, 7, 401, 'docs/archivo7_401.pdf', '2024-08-11 09:53:45'),
(788, 11, 314, 'docs/archivo11_314.pdf', '2024-08-11 11:42:25'),
(789, 1, 321, 'docs/archivo1_321.pdf', '2024-08-12 01:10:49'),
(790, 9, 321, 'https://youtu.be/_wbTx0prUTw', '2024-08-11 12:05:11'),
(791, 9, 346, 'https://youtu.be/hq4iPxy5-MU', '2024-08-11 12:43:09'),
(792, 7, 337, 'docs/archivo7_337.pdf', '2024-08-11 13:24:41'),
(793, 11, 337, 'docs/archivo11_337.pdf', '2024-08-11 13:25:12'),
(794, 5, 337, 'docs/archivo5_337.pdf', '2024-08-11 13:26:37'),
(795, 9, 312, 'https://www.youtube.com/watch?v=GxpjWTrTN0I&feature=youtu.be', '2024-08-11 14:10:24'),
(796, 3, 378, 'docs/archivo3_378.pdf', '2024-08-11 14:38:53'),
(797, 8, 302, 'docs/archivo8_302.pdf', '2024-08-11 14:53:23'),
(798, 6, 392, 'docs/archivo6_392.pdf', '2024-08-11 14:57:47'),
(799, 3, 399, 'docs/archivo3_399.pdf', '2024-08-12 01:22:34'),
(800, 8, 392, 'docs/archivo8_392.pdf', '2024-08-11 15:45:01');
INSERT INTO `documentos` (`id`, `documento`, `id_ext`, `link`, `fecha`) VALUES
(801, 4, 392, 'docs/archivo4_392.pdf', '2024-08-11 15:34:31'),
(802, 1, 378, 'docs/archivo1_378.pdf', '2024-08-11 16:02:18'),
(803, 1, 404, 'docs/archivo1_404.pdf', '2024-08-11 16:56:50'),
(804, 2, 404, 'docs/archivo2_404.pdf', '2024-08-11 16:57:07'),
(805, 3, 404, 'docs/archivo3_404.pdf', '2024-08-11 16:57:20'),
(806, 4, 404, 'docs/archivo4_404.pdf', '2024-08-11 16:57:38'),
(807, 5, 404, 'docs/archivo5_404.pdf', '2024-08-11 16:57:47'),
(808, 6, 404, 'docs/archivo6_404.pdf', '2024-08-11 16:58:07'),
(809, 7, 404, 'docs/archivo7_404.pdf', '2024-08-11 16:58:21'),
(810, 8, 404, 'docs/archivo8_404.pdf', '2024-08-11 16:58:38'),
(811, 9, 404, 'https://www.youtube.com/watch?v=6flGOzejS1E', '2024-08-11 17:00:15'),
(812, 10, 404, 'docs/archivo10_404.pdf', '2024-08-11 17:00:50'),
(813, 11, 404, 'docs/archivo11_404.pdf', '2024-08-11 17:01:09'),
(814, 9, 345, 'https://youtu.be/ZHfl8ohEIIg?si=_BVoO9sYe5lrfEX3', '2024-08-11 17:17:31'),
(815, 8, 305, 'docs/archivo8_305.pdf', '2024-08-11 17:25:24'),
(816, 4, 305, 'docs/archivo4_305.pdf', '2024-08-11 17:28:42'),
(817, 7, 305, 'docs/archivo7_305.pdf', '2024-08-11 17:29:55'),
(818, 11, 367, 'docs/archivo11_367.pdf', '2024-08-11 17:32:02'),
(819, 3, 405, 'docs/archivo3_405.pdf', '2024-08-11 17:50:40'),
(820, 2, 405, 'docs/archivo2_405.pdf', '2024-08-11 17:55:01'),
(821, 4, 405, 'docs/archivo4_405.pdf', '2024-08-11 17:55:53'),
(822, 7, 405, 'docs/archivo7_405.pdf', '2024-08-11 17:57:29'),
(823, 11, 405, 'docs/archivo11_405.pdf', '2024-08-11 17:59:22'),
(824, 8, 405, 'docs/archivo8_405.pdf', '2024-08-11 18:17:11'),
(825, 10, 405, 'docs/archivo10_405.pdf', '2024-08-11 18:20:06'),
(826, 6, 405, 'docs/archivo6_405.pdf', '2024-08-11 18:22:56'),
(827, 5, 405, 'docs/archivo5_405.pdf', '2024-08-11 18:26:55'),
(828, 5, 305, 'docs/archivo5_305.pdf', '2024-08-11 18:46:52'),
(829, 10, 403, 'docs/archivo10_403.pdf', '2024-08-11 19:02:50'),
(830, 6, 305, 'docs/archivo6_305.pdf', '2024-08-11 19:08:30'),
(831, 2, 403, 'docs/archivo2_403.pdf', '2024-08-11 19:08:31'),
(832, 9, 405, 'https://www.youtube.com/shorts/9OPqq22Pu_U', '2024-08-11 19:22:38'),
(833, 11, 403, 'docs/archivo11_403.pdf', '2024-08-11 19:09:45'),
(834, 8, 403, 'docs/archivo8_403.pdf', '2024-08-11 19:10:12'),
(835, 7, 403, 'docs/archivo7_403.pdf', '2024-08-11 19:10:35'),
(836, 5, 403, 'docs/archivo5_403.pdf', '2024-08-11 19:11:10'),
(837, 4, 403, 'docs/archivo4_403.pdf', '2024-08-11 19:11:34'),
(838, 9, 403, 'https://youtube.com/shorts/iKiKa6whmYE?feature=shared', '2024-08-11 19:13:26'),
(839, 1, 305, 'docs/archivo1_305.pdf', '2024-08-11 19:28:52'),
(840, 1, 403, 'docs/archivo1_403.pdf', '2024-08-11 19:20:57'),
(841, 3, 403, 'docs/archivo3_403.pdf', '2024-08-11 19:21:31'),
(842, 6, 403, 'docs/archivo6_403.pdf', '2024-08-11 19:21:56'),
(843, 8, 326, 'docs/archivo8_326.pdf', '2024-08-11 19:32:34'),
(844, 11, 305, 'docs/archivo11_305.pdf', '2024-08-11 19:35:01'),
(845, 1, 405, 'docs/archivo1_405.pdf', '2024-08-11 19:35:39'),
(846, 10, 305, 'docs/archivo10_305.pdf', '2024-08-11 19:38:12'),
(847, 4, 406, 'docs/archivo4_406.pdf', '2024-08-11 19:49:18'),
(848, 7, 406, 'docs/archivo7_406.pdf', '2024-08-11 19:51:30'),
(849, 10, 342, 'docs/archivo10_342.pdf', '2024-08-11 20:30:11'),
(850, 6, 406, 'docs/archivo6_406.pdf', '2024-08-11 20:35:02'),
(851, 1, 336, 'docs/archivo1_336.pdf', '2024-08-11 20:35:30'),
(852, 2, 336, 'docs/archivo2_336.pdf', '2024-08-12 01:12:18'),
(853, 3, 336, 'docs/archivo3_336.pdf', '2024-08-11 20:40:20'),
(854, 4, 320, 'docs/archivo4_320.pdf', '2024-08-11 20:48:23'),
(855, 8, 342, 'docs/archivo8_342.pdf', '2024-08-11 20:51:30'),
(856, 11, 406, 'docs/archivo11_406.pdf', '2024-08-11 20:59:48'),
(857, 9, 305, 'https://www.youtube.com/watch?v=buopCMEeDRo', '2024-08-11 21:17:04'),
(858, 2, 318, 'docs/archivo2_318.pdf', '2024-08-11 22:02:17'),
(859, 2, 305, 'docs/archivo2_305.pdf', '2024-08-11 21:52:53'),
(860, 8, 320, 'docs/archivo8_320.pdf', '2024-08-11 21:56:27'),
(861, 1, 408, 'docs/archivo1_408.pdf', '2024-08-11 23:28:39'),
(862, 1, 410, 'docs/archivo1_410.pdf', '2024-08-11 22:15:31'),
(863, 5, 408, 'docs/archivo5_408.pdf', '2024-08-11 22:24:04'),
(864, 7, 408, 'docs/archivo7_408.pdf', '2024-08-11 22:26:36'),
(865, 2, 410, 'docs/archivo2_410.pdf', '2024-08-11 22:29:10'),
(866, 10, 408, 'docs/archivo10_408.pdf', '2024-08-11 23:38:09'),
(867, 3, 410, 'docs/archivo3_410.pdf', '2024-08-11 22:32:56'),
(868, 4, 410, 'docs/archivo4_410.pdf', '2024-08-11 22:33:55'),
(869, 5, 410, 'docs/archivo5_410.pdf', '2024-08-11 22:35:14'),
(870, 7, 410, 'docs/archivo7_410.pdf', '2024-08-11 22:35:47'),
(871, 1, 411, 'docs/archivo1_411.pdf', '2024-08-11 22:39:55'),
(872, 2, 411, 'docs/archivo2_411.pdf', '2024-08-11 22:40:25'),
(873, 8, 406, 'docs/archivo8_406.pdf', '2024-08-11 22:40:26'),
(874, 3, 411, 'docs/archivo3_411.pdf', '2024-08-11 22:40:40'),
(875, 4, 411, 'docs/archivo4_411.pdf', '2024-08-11 22:40:58'),
(876, 5, 411, 'docs/archivo5_411.pdf', '2024-08-11 22:42:05'),
(877, 7, 411, 'docs/archivo7_411.pdf', '2024-08-11 22:42:31'),
(878, 8, 411, 'docs/archivo8_411.pdf', '2024-08-11 22:42:57'),
(879, 11, 411, 'docs/archivo11_411.pdf', '2024-08-11 22:44:01'),
(880, 9, 410, 'https://youtu.be/5zzRJ6-S1aM?si=Z6I0QeGG_QlMku5h', '2024-08-11 22:56:03'),
(881, 10, 356, 'docs/archivo10_356.pdf', '2024-08-11 22:58:30'),
(882, 4, 408, 'docs/archivo4_408.pdf', '2024-08-11 22:59:17'),
(883, 11, 408, 'docs/archivo11_408.pdf', '2024-08-11 23:00:32'),
(884, 1, 297, 'docs/archivo1_297.pdf', '2024-08-11 23:02:39'),
(885, 3, 297, 'docs/archivo3_297.pdf', '2024-08-11 23:03:42'),
(886, 9, 314, 'https://youtu.be/d-QrnlkDXng', '2024-08-11 23:04:01'),
(887, 10, 297, 'docs/archivo10_297.pdf', '2024-08-11 23:04:21'),
(888, 1, 356, 'docs/archivo1_356.pdf', '2024-08-12 00:43:34'),
(889, 8, 410, 'docs/archivo8_410.pdf', '2024-08-11 23:58:08'),
(890, 3, 396, 'docs/archivo3_396.pdf', '2024-08-11 23:14:55'),
(891, 2, 368, 'docs/archivo2_368.pdf', '2024-08-11 23:16:02'),
(892, 3, 368, 'docs/archivo3_368.pdf', '2024-08-11 23:16:17'),
(893, 10, 368, 'docs/archivo10_368.pdf', '2024-08-11 23:16:49'),
(894, 6, 356, 'docs/archivo6_356.pdf', '2024-08-11 23:19:25'),
(895, 9, 337, 'https://www.youtube.com/watch?v=B7h0aKL_udk', '2024-08-11 23:19:12'),
(896, 10, 337, 'docs/archivo10_337.pdf', '2024-08-11 23:19:59'),
(897, 6, 367, 'docs/archivo6_367.pdf', '2024-08-11 23:20:06'),
(898, 6, 337, 'docs/archivo6_337.pdf', '2024-08-11 23:20:39'),
(899, 4, 337, 'docs/archivo4_337.pdf', '2024-08-11 23:21:07'),
(900, 10, 410, 'docs/archivo10_410.pdf', '2024-08-11 23:26:12'),
(901, 11, 410, 'docs/archivo11_410.pdf', '2024-08-11 23:28:29'),
(902, 6, 410, 'docs/archivo6_410.pdf', '2024-08-11 23:33:11'),
(903, 9, 374, 'https://youtu.be/SzMWqSZ6IjM?si=-MMV4N12WgoLS6rI', '2024-08-11 23:37:12'),
(904, 8, 367, 'docs/archivo8_367.pdf', '2024-08-11 23:38:20'),
(905, 6, 389, 'docs/archivo6_389.pdf', '2024-08-11 23:39:34'),
(906, 9, 378, 'https://youtu.be/i2C9mC8ywbk', '2024-08-11 23:40:59'),
(907, 9, 408, 'https://youtube.com/shorts/dXpuQ5t_bmE?si=fZpg42cHQ9_57fJj', '2024-08-11 23:45:05'),
(908, 8, 368, 'docs/archivo8_368.pdf', '2024-08-11 23:47:22'),
(909, 1, 368, 'docs/archivo1_368.pdf', '2024-08-11 23:47:46'),
(910, 4, 368, 'docs/archivo4_368.pdf', '2024-08-11 23:48:11'),
(911, 11, 387, 'docs/archivo11_387.pdf', '2024-08-11 23:49:23'),
(912, 5, 374, 'docs/archivo5_374.pdf', '2024-08-11 23:50:13'),
(913, 9, 394, 'https://youtu.be/-zipiIcGjis?si=B5auLuiCsjZ-Xbh_', '2024-08-11 23:50:36'),
(914, 11, 394, 'docs/archivo11_394.pdf', '2024-08-11 23:52:28'),
(915, 10, 394, 'docs/archivo10_394.pdf', '2024-08-11 23:53:02'),
(916, 5, 368, 'docs/archivo5_368.pdf', '2024-08-11 23:53:12'),
(917, 5, 387, 'docs/archivo5_387.pdf', '2024-08-12 00:00:44'),
(918, 6, 368, 'docs/archivo6_368.pdf', '2024-08-11 23:53:28'),
(919, 7, 368, 'docs/archivo7_368.pdf', '2024-08-11 23:53:45'),
(920, 11, 368, 'docs/archivo11_368.pdf', '2024-08-11 23:54:05'),
(921, 9, 368, 'https://www.youtube.com/shorts/40v-TqbjFgg', '2024-08-11 23:55:32'),
(922, 3, 408, 'docs/archivo3_408.pdf', '2024-08-11 23:55:39'),
(923, 7, 394, 'docs/archivo7_394.pdf', '2024-08-11 23:55:41'),
(924, 6, 394, 'docs/archivo6_394.pdf', '2024-08-11 23:56:13'),
(925, 2, 367, 'docs/archivo2_367.pdf', '2024-08-11 23:57:29'),
(926, 4, 387, 'docs/archivo4_387.pdf', '2024-08-12 00:01:03'),
(927, 1, 413, 'docs/archivo1_413.pdf', '2024-08-12 00:04:31'),
(928, 2, 413, 'docs/archivo2_413.pdf', '2024-08-12 00:04:54'),
(929, 3, 413, 'docs/archivo3_413.pdf', '2024-08-12 00:05:21'),
(930, 4, 413, 'docs/archivo4_413.pdf', '2024-08-12 00:05:38'),
(931, 5, 413, 'docs/archivo5_413.pdf', '2024-08-12 00:05:58'),
(932, 6, 413, 'docs/archivo6_413.pdf', '2024-08-12 00:06:13'),
(933, 7, 413, 'docs/archivo7_413.pdf', '2024-08-12 00:06:27'),
(934, 8, 413, 'docs/archivo8_413.pdf', '2024-08-12 00:06:59'),
(935, 9, 413, 'https://youtu.be/YlanfmjQCZ8', '2024-08-12 00:07:52'),
(936, 10, 413, 'docs/archivo10_413.pdf', '2024-08-12 00:09:20'),
(937, 11, 413, 'docs/archivo11_413.pdf', '2024-08-12 00:09:39'),
(938, 3, 359, 'docs/archivo3_359.pdf', '2024-08-12 00:10:52'),
(939, 10, 374, 'docs/archivo10_374.pdf', '2024-08-12 00:15:04'),
(940, 9, 289, 'https://youtu.be/BYObIA51dos', '2024-08-12 00:15:36'),
(941, 8, 408, 'docs/archivo8_408.MOV', '2024-08-12 00:17:20'),
(942, 3, 398, 'docs/archivo3_398.pdf', '2024-08-12 01:18:50'),
(943, 5, 398, 'docs/archivo5_398.pdf', '2024-08-12 00:19:12'),
(944, 11, 356, 'docs/archivo11_356.pdf', '2024-08-12 00:19:14'),
(945, 6, 408, 'docs/archivo6_408.pdf', '2024-08-12 00:21:45'),
(946, 7, 398, 'docs/archivo7_398.pdf', '2024-08-12 00:21:48'),
(947, 3, 367, 'docs/archivo3_367.pdf', '2024-08-12 00:23:11'),
(948, 7, 415, 'docs/archivo7_415.pdf', '2024-08-12 00:26:51'),
(949, 2, 386, 'docs/archivo2_386.pdf', '2024-08-12 00:27:33'),
(950, 2, 398, 'docs/archivo2_398.pdf', '2024-08-12 00:31:12'),
(951, 5, 394, 'docs/archivo5_394.pdf', '2024-08-12 00:45:11'),
(952, 4, 394, 'docs/archivo4_394.pdf', '2024-08-12 00:45:25'),
(953, 3, 305, 'docs/archivo3_305.pdf', '2024-08-12 00:46:28'),
(954, 2, 408, 'docs/archivo2_408.pdf', '2024-08-12 00:47:59'),
(955, 3, 394, 'docs/archivo3_394.pdf', '2024-08-12 00:48:05'),
(956, 1, 394, 'docs/archivo1_394.pdf', '2024-08-12 00:48:59'),
(957, 1, 334, 'docs/archivo1_334.pdf', '2024-08-12 00:48:59'),
(958, 2, 334, 'docs/archivo2_334.pdf', '2024-08-12 00:50:05'),
(959, 3, 334, 'docs/archivo3_334.pdf', '2024-08-12 02:01:06'),
(960, 8, 398, 'docs/archivo8_398.pdf', '2024-08-12 09:02:01'),
(961, 2, 327, 'docs/archivo2_327.pdf', '2024-08-12 00:50:30'),
(962, 3, 415, 'docs/archivo3_415.pdf', '2024-08-12 00:50:58'),
(963, 10, 399, 'docs/archivo10_399.pdf', '2024-08-12 00:54:14'),
(964, 2, 399, 'docs/archivo2_399.pdf', '2024-08-12 02:55:30'),
(965, 7, 334, 'docs/archivo7_334.pdf', '2024-08-12 00:56:07'),
(966, 10, 359, 'docs/archivo10_359.pdf', '2024-08-12 04:57:52'),
(967, 4, 334, 'docs/archivo4_334.pdf', '2024-08-12 02:06:06'),
(968, 6, 359, 'docs/archivo6_359.pdf', '2024-08-12 00:59:13'),
(970, 5, 334, 'docs/archivo5_334.pdf', '2024-08-12 01:02:05'),
(971, 6, 334, 'docs/archivo6_334.pdf', '2024-08-12 01:03:27'),
(972, 10, 334, 'docs/archivo10_334.pdf', '2024-08-12 01:03:50'),
(973, 11, 334, 'docs/archivo11_334.pdf', '2024-08-12 01:04:09'),
(974, 9, 334, 'https://youtu.be/mPlUe77XawA?si=uagYItPvEH8FTK7x', '2024-08-12 01:07:36'),
(975, 9, 318, 'https://youtu.be/GjVo0cVvIcY', '2024-08-12 01:08:54'),
(976, 2, 415, 'docs/archivo2_415.pdf', '2024-08-12 01:12:31'),
(977, 8, 374, 'docs/archivo8_374.pptx', '2024-08-12 12:29:18'),
(978, 8, 327, 'docs/archivo8_327.pdf', '2024-08-12 01:18:48'),
(979, 6, 415, 'docs/archivo6_415.pdf', '2024-08-12 01:19:23'),
(980, 2, 297, 'docs/archivo2_297.pdf', '2024-08-12 10:20:11'),
(981, 8, 389, 'docs/archivo8_389.zip', '2024-08-12 01:26:31'),
(982, 11, 415, 'docs/archivo11_415.pdf', '2024-08-12 01:28:50'),
(983, 1, 416, 'docs/archivo1_416.pdf', '2024-08-12 01:31:24'),
(984, 2, 394, 'docs/archivo2_394.pdf', '2024-08-12 01:31:26'),
(985, 2, 416, 'docs/archivo2_416.pdf', '2024-08-12 01:32:49'),
(986, 3, 416, 'docs/archivo3_416.pdf', '2024-08-12 01:43:01'),
(987, 4, 416, 'docs/archivo4_416.pdf', '2024-08-12 01:35:10'),
(988, 5, 416, 'docs/archivo5_416.pdf', '2024-08-12 01:35:22'),
(989, 6, 416, 'docs/archivo6_416.pdf', '2024-08-12 01:36:47'),
(990, 7, 416, 'docs/archivo7_416.pdf', '2024-08-12 11:55:22'),
(991, 8, 416, 'docs/archivo8_416.pdf', '2024-08-12 01:38:19'),
(992, 9, 416, 'https://youtu.be/Ayqs3RmYdjk', '2024-08-12 01:38:38'),
(993, 10, 416, 'docs/archivo10_416.pdf', '2024-08-12 01:46:20'),
(994, 11, 416, 'docs/archivo11_416.pdf', '2024-08-12 01:40:35'),
(995, 8, 277, 'docs/archivo8_277.pdf', '2024-08-12 01:44:57'),
(996, 6, 277, 'docs/archivo6_277.pdf', '2024-08-12 01:45:12'),
(997, 2, 406, 'docs/archivo2_406.pdf', '2024-08-12 01:48:21'),
(998, 8, 334, 'docs/archivo8_334.pdf', '2024-08-12 01:55:31'),
(999, 1, 359, 'docs/archivo1_359.pdf', '2024-08-12 02:00:08'),
(1000, 10, 372, 'docs/archivo10_372.pdf', '2024-08-12 01:57:09'),
(1001, 1, 372, 'docs/archivo1_372.pdf', '2024-08-12 01:58:52'),
(1002, 2, 372, 'docs/archivo2_372.pdf', '2024-08-12 02:05:55'),
(1003, 4, 372, 'docs/archivo4_372.pdf', '2024-08-12 02:00:27'),
(1004, 6, 372, 'docs/archivo6_372.pdf', '2024-08-12 02:00:58'),
(1005, 11, 372, 'docs/archivo11_372.pdf', '2024-08-12 02:01:14'),
(1006, 3, 372, 'docs/archivo3_372.pdf', '2024-08-12 02:01:27'),
(1007, 10, 406, 'docs/archivo10_406.pdf', '2024-08-12 02:05:45'),
(1008, 8, 386, 'docs/archivo8_386.pdf', '2024-08-12 02:13:16'),
(1009, 6, 399, 'docs/archivo6_399.pdf', '2024-08-12 02:19:31'),
(1010, 1, 418, 'docs/archivo1_418.PDF', '2024-08-12 02:21:04'),
(1011, 2, 418, 'docs/archivo2_418.pdf', '2024-08-12 02:21:56'),
(1012, 5, 406, 'docs/archivo5_406.pdf', '2024-08-12 02:22:24'),
(1013, 4, 418, 'docs/archivo4_418.pdf', '2024-08-12 02:24:04'),
(1014, 5, 418, 'docs/archivo5_418.pdf', '2024-08-12 02:25:56'),
(1015, 6, 418, 'docs/archivo6_418.pdf', '2024-08-12 02:26:26'),
(1016, 7, 418, 'docs/archivo7_418.pdf', '2024-08-12 02:27:06'),
(1017, 1, 399, 'docs/archivo1_399.pdf', '2024-08-12 02:34:10'),
(1018, 1, 277, 'docs/archivo1_277.pdf', '2024-08-12 02:34:23'),
(1019, 9, 277, 'https://www.youtube.com/watch?v=HkNpBwJFQug', '2024-08-12 02:36:52'),
(1020, 9, 336, 'https://youtu.be/nfGr3Y9yyXk', '2024-08-12 02:39:09'),
(1021, 2, 277, 'docs/archivo2_277.pdf', '2024-08-12 02:47:02'),
(1022, 6, 297, 'docs/archivo6_297.pdf', '2024-08-12 02:47:55'),
(1023, 3, 277, 'docs/archivo3_277.pdf', '2024-08-12 02:52:27'),
(1024, 10, 277, 'docs/archivo10_277.pdf', '2024-08-12 02:58:29'),
(1025, 9, 399, 'https://youtu.be/-ig0nWicgAE?si=9S11KBCrUraMO7vA', '2024-08-12 03:01:34'),
(1026, 8, 394, 'docs/archivo8_394.pdf', '2024-08-12 03:16:21'),
(1027, 3, 324, 'docs/archivo3_324.pdf', '2024-08-12 03:16:22'),
(1028, 8, 324, 'docs/archivo8_324.pdf', '2024-08-12 03:17:10'),
(1029, 8, 297, 'docs/archivo8_297.pdf', '2024-08-12 03:31:35'),
(1030, 9, 406, 'https://www.youtube.com/watch?v=om3rpY2XDCU', '2024-08-12 03:42:26'),
(1031, 9, 387, 'https://youtube.com/shorts/8cbMkr5PmLw?si=qhm4MuNCEiNhLwjW', '2024-08-12 03:46:29'),
(1032, 8, 372, 'docs/archivo8_372.pdf', '2024-08-12 03:58:35'),
(1033, 3, 406, 'docs/archivo3_406.pdf', '2024-08-12 04:06:06'),
(1034, 3, 387, 'docs/archivo3_387.pdf', '2024-08-12 04:06:20'),
(1035, 6, 398, 'docs/archivo6_398.pdf', '2024-08-12 04:24:06'),
(1036, 11, 398, 'docs/archivo11_398.pdf', '2024-08-12 04:31:52'),
(1037, 10, 398, 'docs/archivo10_398.pdf', '2024-08-12 04:37:35'),
(1038, 9, 359, 'https://www.youtube.com/watch?v=Dcp6kDlHaeQ', '2024-08-12 04:43:23'),
(1039, 1, 406, 'docs/archivo1_406.pdf', '2024-08-12 04:45:23'),
(1040, 8, 387, 'docs/archivo8_387.pdf', '2024-08-12 04:50:41'),
(1041, 1, 409, 'docs/archivo1_409.pdf', '2024-08-12 05:01:34'),
(1042, 5, 409, 'docs/archivo5_409.pdf', '2024-08-12 05:05:57'),
(1043, 9, 409, 'https://youtu.be/QXuwGYDYZSI?si=lUlMxd61vT06Gso7', '2024-08-12 05:16:54'),
(1044, 11, 409, 'docs/archivo11_409.pdf', '2024-08-12 05:17:30'),
(1045, 10, 409, 'docs/archivo10_409.pdf', '2024-08-12 05:18:23'),
(1046, 8, 409, 'docs/archivo8_409.pdf', '2024-08-12 05:18:36'),
(1047, 7, 409, 'docs/archivo7_409.pdf', '2024-08-12 05:18:47'),
(1048, 4, 409, 'docs/archivo4_409.pdf', '2024-08-12 05:18:57'),
(1049, 3, 409, 'docs/archivo3_409.pdf', '2024-08-12 05:19:05'),
(1050, 2, 409, 'docs/archivo2_409.pdf', '2024-08-12 05:19:13'),
(1051, 6, 409, 'docs/archivo6_409.pdf', '2024-08-12 05:20:17'),
(1052, 2, 382, 'docs/archivo2_382.pdf', '2024-08-12 06:33:37'),
(1053, 3, 382, 'docs/archivo3_382.pdf', '2024-08-12 12:32:04'),
(1054, 4, 382, 'docs/archivo4_382.pdf', '2024-08-12 11:51:09'),
(1055, 5, 382, 'docs/archivo5_382.pdf', '2024-08-12 06:36:37'),
(1056, 8, 382, 'docs/archivo8_382.pdf', '2024-08-12 06:44:40'),
(1057, 10, 382, 'docs/archivo10_382.pdf', '2024-08-12 06:44:55'),
(1058, 1, 398, 'docs/archivo1_398.pdf', '2024-08-12 08:52:32'),
(1059, 1, 401, 'docs/archivo1_401.pdf', '2024-08-12 09:02:33'),
(1060, 2, 401, 'docs/archivo2_401.pdf', '2024-08-12 09:03:14'),
(1061, 3, 401, 'docs/archivo3_401.pdf', '2024-08-12 09:03:46'),
(1062, 5, 401, 'docs/archivo5_401.pdf', '2024-08-12 09:05:08'),
(1063, 6, 401, 'docs/archivo6_401.pdf', '2024-08-12 09:05:35'),
(1064, 8, 401, 'docs/archivo8_401.pdf', '2024-08-12 09:06:15'),
(1065, 10, 401, 'docs/archivo10_401.pdf', '2024-08-12 09:06:55'),
(1066, 9, 309, 'https://youtube.com/shorts/RVRVbAX6l6M?si=kzoXdH2B6yBuRnvM', '2024-08-12 09:31:02'),
(1067, 11, 382, 'docs/archivo11_382.pdf', '2024-08-12 09:36:51'),
(1068, 11, 401, 'docs/archivo11_401.pdf', '2024-08-12 09:55:33'),
(1069, 1, 417, 'docs/archivo1_417.pdf', '2024-08-12 09:59:06'),
(1070, 2, 417, 'docs/archivo2_417.pdf', '2024-08-12 10:12:49'),
(1071, 3, 417, 'docs/archivo3_417.pdf', '2024-08-12 10:15:33'),
(1072, 7, 412, 'docs/archivo7_412.pdf', '2024-08-12 10:21:51'),
(1073, 5, 412, 'docs/archivo5_412.PDF', '2024-08-12 10:23:40'),
(1074, 9, 297, 'https://youtube.com/shorts/oy4o9JfnGqk?si=dKrdPzR_WvSNGWbZ', '2024-08-12 10:24:48'),
(1076, 9, 388, 'https://youtu.be/3aQNFOLABlw', '2024-08-12 10:36:04'),
(1077, 1, 421, 'docs/archivo1_421.pdf', '2024-08-12 10:36:16'),
(1078, 1, 388, 'docs/archivo1_388.pdf', '2024-08-12 10:38:06'),
(1079, 2, 421, 'docs/archivo2_421.pdf', '2024-08-12 10:38:18'),
(1080, 3, 421, 'docs/archivo3_421.pdf', '2024-08-12 10:38:58'),
(1081, 4, 421, 'docs/archivo4_421.pdf', '2024-08-12 10:39:50'),
(1082, 5, 421, 'docs/archivo5_421.pdf', '2024-08-12 10:40:20'),
(1083, 6, 421, 'docs/archivo6_421.pdf', '2024-08-12 10:41:19'),
(1084, 1, 415, 'docs/archivo1_415.pdf', '2024-08-12 10:45:00'),
(1085, 7, 304, 'docs/archivo7_304.pdf', '2024-08-12 10:48:18'),
(1086, 10, 415, 'docs/archivo10_415.pdf', '2024-08-12 10:48:32'),
(1087, 5, 304, 'docs/archivo5_304.pdf', '2024-08-12 10:49:23'),
(1088, 6, 304, 'docs/archivo6_304.pdf', '2024-08-12 10:49:46'),
(1089, 4, 415, 'docs/archivo4_415.pdf', '2024-08-12 10:50:20'),
(1090, 5, 415, 'docs/archivo5_415.pdf', '2024-08-12 10:50:36'),
(1091, 8, 415, 'docs/archivo8_415.pdf', '2024-08-12 10:52:23'),
(1092, 3, 388, 'docs/archivo3_388.pdf', '2024-08-12 10:53:23'),
(1093, 1, 304, 'docs/archivo1_304.pdf', '2024-08-12 10:54:33'),
(1094, 8, 309, 'docs/archivo8_309.PDF', '2024-08-12 11:01:51'),
(1095, 2, 304, 'docs/archivo2_304.pdf', '2024-08-12 10:54:53'),
(1096, 4, 304, 'docs/archivo4_304.pdf', '2024-08-12 10:55:19'),
(1097, 10, 388, 'docs/archivo10_388.pdf', '2024-08-12 10:55:25'),
(1098, 10, 304, 'docs/archivo10_304.pdf', '2024-08-12 10:55:41'),
(1099, 9, 304, 'https://youtu.be/Xam5eUm8FmE?feature=shared', '2024-08-12 10:57:37'),
(1100, 2, 388, 'docs/archivo2_388.pdf', '2024-08-12 10:57:52'),
(1101, 7, 421, 'docs/archivo7_421.pdf', '2024-08-12 10:58:26'),
(1102, 10, 421, 'docs/archivo10_421.pdf', '2024-08-12 10:58:47'),
(1103, 4, 388, 'docs/archivo4_388.pdf', '2024-08-12 10:59:12'),
(1104, 11, 421, 'docs/archivo11_421.pdf', '2024-08-12 10:59:14'),
(1105, 9, 401, 'https://youtu.be/B_Rvd9hf-Zs?si=1hssuw6UYP_Uj53n', '2024-08-12 10:59:47'),
(1106, 5, 388, 'docs/archivo5_388.pdf', '2024-08-12 11:00:09'),
(1107, 6, 388, 'docs/archivo6_388.pdf', '2024-08-12 11:01:07'),
(1108, 3, 304, 'docs/archivo3_304.pdf', '2024-08-12 11:01:13'),
(1109, 7, 388, 'docs/archivo7_388.pdf', '2024-08-12 11:02:11'),
(1110, 11, 388, 'docs/archivo11_388.pdf', '2024-08-12 11:04:01'),
(1111, 8, 388, 'docs/archivo8_388.pdf', '2024-08-12 11:13:40'),
(1112, 11, 374, 'docs/archivo11_374.pdf', '2024-08-12 11:27:07'),
(1113, 4, 412, 'docs/archivo4_412.pdf', '2024-08-12 11:27:08'),
(1114, 1, 422, 'docs/archivo1_422.pdf', '2024-08-12 11:32:16'),
(1115, 6, 412, 'docs/archivo6_412.pdf', '2024-08-12 11:33:15'),
(1116, 7, 422, 'docs/archivo7_422.pdf', '2024-08-12 11:33:20'),
(1117, 9, 356, 'https://youtu.be/MixdZwt2hFg?feature=shared', '2024-08-12 11:35:36'),
(1118, 11, 418, 'docs/archivo11_418.pdf', '2024-08-12 11:38:43'),
(1119, 2, 412, 'docs/archivo2_412.pdf', '2024-08-12 11:44:36'),
(1120, 10, 412, 'docs/archivo10_412.pdf', '2024-08-12 11:50:38'),
(1121, 2, 374, 'docs/archivo2_374.pdf', '2024-08-12 11:53:05'),
(1122, 9, 398, 'https://youtu.be/uZUi7bIbRgg', '2024-08-12 11:56:20'),
(1123, 1, 364, 'docs/archivo1_364.pdf', '2024-08-12 12:01:05'),
(1124, 7, 424, 'docs/archivo7_424.pdf', '2024-08-12 12:01:41'),
(1125, 5, 424, 'docs/archivo5_424.pdf', '2024-08-12 12:02:27'),
(1126, 9, 386, 'https://www.youtube.com/shorts/uFHLsKOAdEc', '2024-08-12 12:02:39'),
(1127, 4, 424, 'docs/archivo4_424.pdf', '2024-08-12 12:04:22'),
(1128, 2, 344, 'docs/archivo2_344.pdf', '2024-08-12 12:06:24'),
(1129, 9, 382, 'https://youtu.be/CKbkUgYMk2Y?si=O_AnvqTtjEkf5jST', '2024-08-12 12:09:39'),
(1130, 11, 304, 'docs/archivo11_304.pdf', '2024-08-12 12:10:30'),
(1131, 6, 424, 'docs/archivo6_424.pdf', '2024-08-12 12:11:20'),
(1132, 3, 412, 'docs/archivo3_412.pdf', '2024-08-12 12:13:58'),
(1133, 11, 424, 'docs/archivo11_424.pdf', '2024-08-12 12:14:48'),
(1134, 11, 399, 'docs/archivo11_399.pdf', '2024-08-12 12:21:16'),
(1135, 1, 382, 'docs/archivo1_382.pdf', '2024-08-12 12:23:47'),
(1136, 2, 377, 'docs/archivo2_377.pdf', '2024-08-12 12:28:05'),
(1137, 1, 377, 'docs/archivo1_377.pdf', '2024-08-12 12:28:32'),
(1138, 4, 377, 'docs/archivo4_377.PDF', '2024-08-12 12:30:18'),
(1139, 7, 382, 'docs/archivo7_382.pdf', '2024-08-12 12:33:27'),
(1140, 10, 314, 'docs/archivo10_314.pdf', '2024-08-12 12:41:08'),
(1141, 10, 377, 'docs/archivo10_377.pdf', '2024-08-12 12:41:18'),
(1142, 1, 314, 'docs/archivo1_314.pdf', '2024-08-12 12:41:33'),
(1143, 6, 382, 'docs/archivo6_382.pdf', '2024-08-12 12:44:51'),
(1144, 2, 423, 'docs/archivo2_423.pdf', '2024-08-12 12:46:26'),
(1145, 8, 314, 'docs/archivo8_314.pdf', '2024-08-12 12:50:46'),
(1146, 9, 287, 'https://youtu.be/wuX00-mePyE?si=3RdOPfArU1ZAnV18', '2024-08-12 12:52:29'),
(1147, 7, 375, 'docs/archivo7_375.pdf', '2024-08-12 12:55:50'),
(1148, 11, 375, 'docs/archivo11_375.pdf', '2024-08-12 13:00:13'),
(1149, 1, 374, 'docs/archivo1_374.pdf', '2024-08-12 13:03:11'),
(1150, 9, 412, 'https://www.youtube.com/watch?v=Y-BhVOddWsI', '2024-08-12 13:04:14'),
(1151, 1, 426, 'docs/archivo1_426.pdf', '2024-08-12 13:05:30'),
(1152, 4, 426, 'docs/archivo4_426.pdf', '2024-08-12 13:05:48'),
(1153, 10, 375, 'docs/archivo10_375.pdf', '2024-08-12 13:05:58'),
(1154, 1, 387, 'docs/archivo1_387.pdf', '2024-08-12 13:07:48'),
(1155, 4, 375, 'docs/archivo4_375.pdf', '2024-08-12 13:07:49'),
(1156, 5, 375, 'docs/archivo5_375.pdf', '2024-08-12 13:08:41'),
(1157, 8, 304, 'docs/archivo8_304.pdf', '2024-08-12 13:09:00'),
(1158, 1, 425, 'docs/archivo1_425.pdf', '2025-05-05 14:49:12');

-- --------------------------------------------------------

--
-- Estructura de tabla para la tabla `encuesta`
--

CREATE TABLE `encuesta` (
  `id` int(11) NOT NULL,
  `pregunta_01` int(11) NOT NULL,
  `pregunta_02` int(11) NOT NULL,
  `pregunta_03` int(11) NOT NULL,
  `pregunta_04` varchar(300) COLLATE utf8_unicode_ci NOT NULL,
  `id_ext` int(11) NOT NULL
) ENGINE=InnoDB DEFAULT CHARSET=utf8 COLLATE=utf8_unicode_ci;

-- --------------------------------------------------------

--
-- Estructura de tabla para la tabla `grado`
--

CREATE TABLE `grado` (
  `id` int(11) NOT NULL,
  `grado` varchar(50) NOT NULL
) ENGINE=InnoDB DEFAULT CHARSET=utf8;

--
-- Volcado de datos para la tabla `grado`
--

INSERT INTO `grado` (`id`, `grado`) VALUES
(1, 'Primaria'),
(2, 'Secundaria'),
(3, 'Preparatoria'),
(4, 'Universidad'),
(5, 'Maestría'),
(6, 'Doctorado'),
(7, 'Otro');

-- --------------------------------------------------------

--
-- Estructura de tabla para la tabla `municipio`
--

CREATE TABLE `municipio` (
  `id` int(11) NOT NULL,
  `municipio` varchar(50) NOT NULL
) ENGINE=InnoDB DEFAULT CHARSET=utf8;

--
-- Volcado de datos para la tabla `municipio`
--

INSERT INTO `municipio` (`id`, `municipio`) VALUES
(1, 'Apozol'),
(2, 'Apulco'),
(3, 'Atolinga'),
(4, 'Benito Juárez'),
(5, 'Calera'),
(6, 'Cañitas de Felipe Pescador'),
(7, 'Concepción del Oro'),
(8, 'Cuauhtémoc'),
(9, 'Chalchihuites'),
(10, 'Fresnillo'),
(11, 'Trinidad García de la Cadena'),
(12, 'Genaro Codina'),
(13, 'General Enrique Estrada'),
(14, 'General Francisco R. Murguía'),
(15, 'El Plateado de Joaquín Amaro'),
(16, 'General Pánfilo Natera'),
(17, 'Guadalupe'),
(18, 'Huanusco'),
(19, 'Jalpa'),
(20, 'Jerez'),
(21, 'Jiménez del Teul'),
(22, 'Juan Aldama'),
(23, 'Juchipila'),
(24, 'Loreto'),
(25, 'Luis Moya'),
(26, 'Mazapil'),
(27, 'Melchor Ocampo'),
(28, 'Mezquital del Oro'),
(29, 'Miguel Auza'),
(30, 'Momax'),
(31, 'Monte Escobedo'),
(32, 'Morelos'),
(33, 'Moyahua de Estrada'),
(34, 'Nochistlán de Mejía'),
(35, 'Noria de Ángeles'),
(36, 'Ojocaliente'),
(37, 'Pánuco'),
(38, 'Pinos'),
(39, 'Río Grande'),
(40, 'Sain Alto'),
(41, 'El Salvador'),
(42, 'Sombrerete'),
(43, 'Susticacán'),
(44, 'Tabasco'),
(45, 'Tepechitlán'),
(46, 'Tepetongo'),
(47, 'Teúl de González Ortega'),
(48, 'Tlaltenango de Sánchez Román'),
(49, 'Valparaíso'),
(50, 'Vetagrande'),
(51, 'Villa de Cos'),
(52, 'Villa García'),
(53, 'Villa González Ortega'),
(54, 'Villa Hidalgo'),
(55, 'Villanueva'),
(56, 'Zacatecas'),
(57, 'Trancoso'),
(58, 'Santa María de la Paz');

-- --------------------------------------------------------

--
-- Estructura de tabla para la tabla `usr`
--

CREATE TABLE `usr` (
  `id` int(11) NOT NULL,
  `usr` varchar(36) DEFAULT NULL,
  `pwd` varchar(100) DEFAULT NULL,
  `perfil` int(11) DEFAULT NULL,
  `curp` varchar(18) DEFAULT NULL,
  `nombre` varchar(100) DEFAULT NULL,
  `edad` int(11) DEFAULT NULL,
  `municipio` int(11) DEFAULT NULL,
  `telefono` varchar(30) DEFAULT NULL,
  `categoria` int(11) DEFAULT NULL
) ENGINE=InnoDB DEFAULT CHARSET=utf8mb4;

--
-- Volcado de datos para la tabla `usr`
--

INSERT INTO `usr` (`id`, `usr`, `pwd`, `perfil`, `curp`, `nombre`, `edad`, `municipio`, `telefono`, `categoria`) VALUES
(6, 'califica1', '123456789', 3, NULL, 'Califica 1', 0, 10, '0', 13),
(7, 'califica2', '123456789', 3, NULL, '', 0, 34, '0', 11),
(8, 'califica3', '123456789', 3, NULL, '', 0, 32, '0', 0),
(21, 'SAMR090824HZSLRDA7', '0', 2022, 'SAMR090824HZSLRDA7', 'SAMR090824HZSLRDA7', 0, 0, '0', 2022),
(22, 'GARL960928HZSRYS05', '0', 2022, 'GARL960928HZSRYS05', '0', 0, 0, '0', 2022),
(23, 'LIMS950308MZSRNN00', '0', 2022, 'LIMS950308MZSRNN00', '0', 0, 0, '0', 2022),
(24, 'RAMM990829MZSMRY03', '0', 0, 'RAMM990829MZSMRY03', 'RAMM990829MZSMRY03', 0, 0, '0', 2022),
(25, 'mald930713mzsrpn09', '0', 0, 'mald930713mzsrpn09', '0', 0, 0, '0', 2022),
(26, 'GABN980327MZSRRB08', '0', 0, 'GABN980327MZSRRB08', '0', 0, 0, '0', 2022),
(27, 'MARM011221HZSRBRA0', '0', 0, 'MARM011221HZSRBRA0', '0', 0, 0, '0', 2022),
(28, 'EARI931001MZSSMT09', '0', 0, 'EARI931001MZSSMT09', '0', 0, 0, '0', 2022),
(29, 'MERA930502HZSNMN06', '0', 0, 'MERA930502HZSNMN06', '0', 0, 0, '0', 2022),
(30, 'PAPJ001004HZSMRSA2', '0', 0, 'PAPJ001004HZSMRSA2', '0', 0, 0, '0', 2022),
(31, 'EARZ930910MZSSDR03', '0', 0, 'EARZ930910MZSSDR03', '0', 0, 0, '0', 2022),
(32, 'MECF941126HZSNLL00', '0', 0, 'MECF941126HZSNLL00', '0', 0, 0, '0', 2022),
(33, 'LAML930823MZSRRS04', '0', 0, 'LAML930823MZSRRS04', '0', 0, 0, '0', 2022),
(34, 'MAOR050102HZSRRYA1', '0', 0, 'MAOR050102HZSRRYA1', '0', 0, 0, '0', 2022),
(35, 'HERD930220HZSRDV06', '0', 0, 'HERD930220HZSRDV06', '0', 0, 0, '0', 2022),
(36, 'AIAE980509HZSVRD05', '0', 0, 'AIAE980509HZSVRD05', '0', 0, 0, '0', 2022),
(38, 'adminInj', '123456789qwerty', 2, '0', 'Admin', 0, 0, '0', 0),
(55, 'AOAJ030427HZSRLRA4', '0', 2021, 'AOAJ030427HZSRLRA4', 'AOAJ030427HZSRLRA4', 0, 0, '0', 2021),
(56, 'EATA940916MZSSNN17', '0', 2021, 'EATA940916MZSSNN17', 'EATA940916MZSSNN17', 0, 0, '0', 2021),
(57, 'MUSA030923HZSXLNA3', '0', 2021, 'MUSA030923HZSXLNA3', 'MUSA030923HZSXLNA3', 0, 0, '0', 2021),
(58, 'SOMG931024MZSRRB01', '0', 2021, 'SOMG931024MZSRRB01', 'SOMG931024MZSRRB01', 0, 0, '0', 2021),
(59, 'SIJC910718MZSLMR19', '0', 2021, 'SIJC910718MZSLMR19', 'SIJC910718MZSLMR19', 0, 0, '0', 2021),
(60, 'ROZG971031HZSBMR08', '0', 2021, 'ROZG971031HZSBMR08', 'ROZG971031HZSBMR08', 0, 0, '0', 2021),
(61, 'VAXA980224HNEZXR01', '0', 2021, 'VAXA980224HNEZXR01', 'VAXA980224HNEZXR01', 0, 0, '0', 2021),
(62, 'HEZD971206HZSRXG04', '0', 2021, 'HEZD971206HZSRXG04', 'HEZD971206HZSRXG04', 0, 0, '0', 2021),
(63, 'SAVM020521HZSLLRA1', '0', 2021, 'SAVM020521HZSLLRA1', 'SAVM020521HZSLLRA1', 0, 0, '0', 2021),
(64, 'ROMA930416MZSDNL04', '0', 2021, 'ROMA930416MZSDNL04', 'ROMA930416MZSDNL04', 0, 0, '0', 2021),
(65, 'MAHE040422HZSNRLA6', '0', 2021, 'MAHE040422HZSNRLA6', 'MAHE040422HZSNRLA6', 0, 0, '0', 2021),
(66, 'SIJS931129MZSLML06', '0', 2021, 'SIJS931129MZSLML06', 'SIJS931129MZSLML06', 0, 0, '0', 2021),
(67, 'AAME960720HZSLLN07', '0', 2021, 'AAME960720HZSLLN07', 'AAME960720HZSLLN07', 0, 0, '0', 2021),
(68, 'PEPJ990624HZSRRN05', '0', 2021, 'PEPJ990624HZSRRN05', 'PEPJ990624HZSRRN05', 0, 0, '0', 2021),
(69, 'GAGA920430HZSLLM03', '0', 2021, 'GAGA920430HZSLLM03', 'GAGA920430HZSLLM03', 0, 0, '0', 2021),
(70, 'MEOC911207HZSRRH05', '0', 2021, 'MEOC911207HZSRRH05', 'MEOC911207HZSRRH05', 0, 0, '0', 2021),
(71, 'EIHJ971228HZSSRM07', '0', 2021, 'EIHJ971228HZSSRM07', 'EIHJ971228HZSSRM07', 0, 0, '0', 2021),
(164, 'logroacademicoA01', 'INJacademicoA01', 33, NULL, 'logroacademicoA01', NULL, NULL, NULL, 1),
(165, 'logroacademicoA02', 'INJacademicoA02', 33, NULL, 'logroacademicoA02', NULL, NULL, NULL, 1),
(166, 'logroacademicoA03', 'INJacademicoA03', 33, NULL, 'logroacademicoA03', NULL, NULL, NULL, 1),
(167, 'logroacademicoB01', 'INJacademicoB01', 33, NULL, 'logroacademicoB01', NULL, NULL, NULL, 2),
(168, 'logroacademicoB02', 'INJacademicoB02', 33, NULL, 'logroacademicoB02', NULL, NULL, NULL, 2),
(169, 'logroacademicoB03', 'INJacademicoB03', 33, NULL, 'logroacademicoB03', NULL, NULL, NULL, 2),
(170, 'discintegracion01', 'INJdisc01', 33, NULL, 'discintegracion01', NULL, NULL, NULL, 3),
(171, 'discintegracion02', 'INJdisc02', 33, NULL, 'discintegracion02', NULL, NULL, NULL, 3),
(172, 'discintegracion03', 'INJdisc03', 33, NULL, 'discintegracion03', NULL, NULL, NULL, 3),
(173, 'ingemp01', 'INJingemp01', 33, NULL, 'ingemp01', NULL, NULL, NULL, 4),
(174, 'ingemp02', 'INJingemp02', 33, NULL, 'ingemp02', NULL, NULL, NULL, 4),
(175, 'ingemp03', 'INJingemp03', 33, NULL, 'ingemp03', NULL, NULL, NULL, 4),
(176, 'respsoc01', 'INJrespsoc01', 33, NULL, 'respsoc01', NULL, NULL, NULL, 5),
(177, 'respsoc02', 'INJrespsoc02', 33, NULL, 'respsoc02', NULL, NULL, NULL, 5),
(178, 'respsoc03', 'INJrespsoc03', 33, NULL, 'respsoc03', NULL, NULL, NULL, 5),
(179, 'mmigrante01', 'INJmmigrante01', 33, NULL, 'mmigrante01', NULL, NULL, NULL, 6),
(180, 'mmigrante02', 'INJmmigrante02', 33, NULL, 'mmigrante02', NULL, NULL, NULL, 6),
(181, 'mmigrante03', 'INJmmigrante03', 33, NULL, 'mmigrante03', NULL, NULL, NULL, 6),
(182, 'mcampesino01', 'INJmcampesino01', 33, NULL, 'mcampesino01', NULL, NULL, NULL, 7),
(183, 'mcampesino02', 'INJmcampesino02', 33, NULL, 'mcampesino02', NULL, NULL, NULL, 7),
(184, 'mcampesino03', 'INJmcampesino03', 33, NULL, 'mcampesino03', NULL, NULL, NULL, 7),
(185, 'pmedioamb01', 'INJpmedioamb01', 33, NULL, 'pmedioamb01', NULL, NULL, NULL, 8),
(186, 'pmedioamb02', 'INJpmedioamb02', 33, NULL, 'pmedioamb02', NULL, NULL, NULL, 8),
(187, 'pmedioamb03', 'INJpmedioamb03', 33, NULL, 'pmedioamb03', NULL, NULL, NULL, 8),
(188, 'ccivicapm01', 'INJccivicapm01', 33, NULL, 'ccivicapm01', NULL, NULL, NULL, 9),
(189, 'ccivicapm02', 'INJccivicapm02', 33, NULL, 'ccivicapm02', NULL, NULL, NULL, 9),
(190, 'ccivicapm03', 'INJccivicapm03', 33, NULL, 'ccivicapm03', NULL, NULL, NULL, 9),
(191, 'literatura01', 'INJliteratura01', 33, NULL, 'literatura01', NULL, NULL, NULL, 10),
(192, 'literatura02', 'INJliteratura02', 33, NULL, 'literatura02', NULL, NULL, NULL, 10),
(193, 'literatura03', 'INJliteratura03', 33, NULL, 'literatura03', NULL, NULL, NULL, 10),
(194, 'aemusica01', 'INJaemusica01', 33, NULL, 'aemusica01', NULL, NULL, NULL, 11),
(195, 'aemusica02', 'INJaemusica02', 33, NULL, 'aemusica02', NULL, NULL, NULL, 11),
(196, 'aemusica03', 'INJaemusica03', 33, NULL, 'aemusica03', NULL, NULL, NULL, 11),
(197, 'aeteatro01', 'INJaeteatro01', 33, NULL, 'aeteatro01', NULL, NULL, NULL, 12),
(198, 'aeteatro02', 'INJaeteatro02', 33, NULL, 'aeteatro02', NULL, NULL, NULL, 12),
(199, 'aeteatro03', 'INJaeteatro03', 33, NULL, 'aeteatro03', NULL, NULL, NULL, 12),
(200, 'aedanza01', 'INJaedanza01', 33, NULL, 'aedanza01', NULL, NULL, NULL, 13),
(201, 'aedanza02', 'INJaedanza02', 33, NULL, 'aedanza02', NULL, NULL, NULL, 13),
(202, 'aedanza03', 'INJaedanza03', 33, NULL, 'aedanza03', NULL, NULL, NULL, 13),
(203, 'apvp01', 'INJapvp01', 33, NULL, 'apvp01', NULL, NULL, NULL, 14),
(204, 'apvp02', 'INJapvp02', 33, NULL, 'apvp02', NULL, NULL, NULL, 14),
(205, 'apvp03', 'INJapvp03', 33, NULL, 'apvp03', NULL, NULL, NULL, 14),
(206, 'aurbano01', 'INJaurbano01', 33, NULL, 'aurbano01', NULL, NULL, NULL, 15),
(207, 'aurbano02', 'INJaurbano02', 33, NULL, 'aurbano02', NULL, NULL, NULL, 15),
(208, 'aurbano03', 'INJaurbano03', 33, NULL, 'aurbano03', NULL, NULL, NULL, 15),
(209, 'cienciasaplicadas01', 'INJcienciasa01', 3, NULL, 'cienciasaplicadas01', NULL, NULL, NULL, 16),
(210, 'cienciasaplicadas02', 'INJcienciasa02', 3, NULL, 'cienciasaplicadas02', NULL, NULL, NULL, 16),
(211, 'cienciasaplicadas03', 'INJcienciasa03', 3, NULL, 'cienciasaplicadas03', NULL, NULL, NULL, 16),
(259, 'NotarioPublicoINJ', 'NTJuventud@01', 4, '0', 'Notario Público', 0, 0, '0', 0),
(261, 'GOSB080606HZSNNRA1', '0', 2023, 'GOSB080606HZSNNRA1', 'GOSB080606HZSNNRA1', 0, 0, '0', 2023),
(262, 'ROMP970822MZSSDR03', '0', 2023, 'ROMP970822MZSSDR03', 'ROMP970822MZSSDR03', 0, 0, '0', 2023),
(263, 'OIDF060418MZSRVTA7', '0', 2023, 'OIDF060418MZSRVTA7', 'OIDF060418MZSRVTA7', 0, 0, '0', 2023),
(264, 'CEDA941227MZSRXL02', '0', 2023, 'CEDA941227MZSRXL02', 'CEDA941227MZSRXL02', 0, 0, '0', 2023),
(265, 'RACF950826MZSMLT00', '0', 2023, 'RACF950826MZSMLT00', 'RACF950826MZSMLT00', 0, 0, '0', 2023),
(266, 'LUFA060526MDGVLNA2', '0', 2023, 'LUFA060526MDGVLNA2', 'LUFA060526MDGVLNA2', 0, 0, '0', 2023),
(267, 'PAVE970308MZSLLS00', '0', 2023, 'PAVE970308MZSLLS00', 'PAVE970308MZSLLS00', 0, 0, '0', 2023),
(268, 'OIAM971106MZSRLN05', '0', 2023, 'OIAM971106MZSRLN05', 'OIAM971106MZSRLN05', 0, 0, '0', 2023),
(269, 'CAMS970531MZSSCR07', '0', 2023, 'CAMS970531MZSSCR07', 'CAMS970531MZSSCR07', 0, 0, '0', 2023),
(270, 'AADR950224HZSRXF00', '0', 2023, 'AADR950224HZSRXF00', 'AADR950224HZSRXF00', 0, 0, '0', 2023),
(271, 'VIDI940310HZSLVS07', '0', 2023, 'VIDI940310HZSLVS07', 'VIDI940310HZSLVS07', 0, 0, '0', 2023),
(272, 'ROMA961110MZSBRN04', '0', 2023, 'ROMA961110MZSBRN04', 'ROMA961110MZSBRN04', 0, 0, '0', 2023),
(273, 'BASE960302MGTZMD08', '0', 2023, 'BASE960302MGTZMD08', 'BASE960302MGTZMD08', 0, 0, '0', 2023),
(274, 'VAHD980731MZSLRN03', '0', 2023, 'VAHD980731MZSLRN03', 'VAHD980731MZSLRN03', 0, 0, '0', 2023),
(275, 'GABS980911MZSLNR00', '0', 2023, 'GABS980911MZSLNR00', 'GABS980911MZSLNR00', 0, 0, '0', 2023),
(276, 'RORA940510HZSDDL08', '0', 2023, 'RORA940510HZSDDL08', 'RORA940510HZSDDL08', 0, 0, '0', 2023),
(277, 'fridamariabarrios@gmail.com', 'Capsula8', 1, 'BAPF950204MZSRLR02', 'Frida Barrios', 29, 17, '4929499677', 5),
(278, 'acunayeimy@gmail.com', 'AnniramFca12#', 1, 'AUVY971110MZSCLM04', 'Yeimy Marina Acuña Valencia', 26, 56, '4921600088', 9),
(279, 'revazosrecicla@gmail.com', 'Leanbeck723', 1, 'ZUCE941009HZSXML09', 'Eliazar', 29, 56, '4921195682', 8),
(280, 'alexchivas1396@gmail.com', 'Alex10alfaro', 1, 'ROAA960313HZSDLL03', 'Alejandro Rodríguez Alfaro', 28, 17, '4922188097', 4),
(281, 'tecnologias.injuventud@gmail.com', 'montserrat29', 0, 'SAAS990209MZSLRN09', 'Sonia Montserrat Saldivar Arteaga', 25, 31, '4921232458', 1),
(282, 'danielaguilardiosdado@gmail.com', 'Dani12345', 1, 'AUDJ020524HZSGSLA2', 'Julio César Daniel Aguilar Diosdado ', 22, 56, '4921621521', 13),
(283, 'montoyamigue70@gmail.com', 'Mamc07117Ar', 1, 'MOCM071117HZSNRGA3', 'Miguel', 16, 35, '496 142 1665', 4),
(284, 'yahirnava508@gmail.com', 'rayadodecorazon', 1, 'LONP050426HZSPVBA3', 'Pablo Yahir López Nava ', 19, 48, '4371097990', 7),
(285, 'jazminselene1999@gmail.com', 'Jazmin12', 1, 'AIGS991229MZSVLL06', 'Selene Jazmin De Ávila Galván ', 24, 17, '+52 492 294 1402', 5),
(286, 'jh7708912@gmail.com', 'E07B2J16', 1, 'HEGB070114MHGRNRA0', 'Brenda ', 17, 48, '4371023461', 1),
(287, 'lisset.chairez@gmail.com', 'Pereida199', 1, 'CARK970430MZSHJN03', 'Kennia Higinia Lisset Chairez Rojas', 27, 56, '4922504899', 2),
(288, 'ximeavila2002@gmail.com', 'bonita2002', 1, 'AIMX020509MZSVRMA0', 'Ximena Ávila Márquez ', 22, 55, '4991007307', 4),
(289, 'valeriaiarteaga@gmail.com', 'IronFeAlpha\"1043', 1, 'AEMV970803MCHRXL07', 'Valeria Itzel Arteaga Muniz', 26, 17, '4921752201', 2),
(290, 'jjuanm127@icloud.com', 'FSAlicemad224', 1, 'MABJ950211HZSCRN08', 'Juan Carlos Macías Berumen', 29, 20, '4941164831', 10),
(291, 'maximilianoqr20@gmail.com', 'Maxquintero222', 1, 'QURM000220HZSNNXA6', 'Maximiliano ', 24, 56, '4921741753', 11),
(292, 'jesshernandez9907@hotmail.com', '_Julioxx28_', 1, 'HEMJ990728MZSRNS06', 'Jessica Hernández Mendiola', 24, 56, '4921234409', 2),
(293, 'reginacarrillo42@gmail.com', 'americalover14', 1, 'MOCA060130MZSLRMA3', 'América Regina Molina Carrillo ', 18, 56, '4922329676', 4),
(294, 'angelsotto77@gmail.com', 'zorrode9colas', 1, 'SOGA950710HZSTMN00', 'Ángel Emiliano Soto Gámez', 28, 17, '4922460908', 10),
(295, '1210302@upz.edu.mx', 'Dink4578', 1, 'SAHD031010HZSRRGA8', 'Diego Alejandro Sarabia Hernandez', 20, 10, '4931450831', 4),
(296, 'arturocamposc27@gmail.com', 'tutu272005', 1, 'CXCA051127HZSMRRA5', 'ARTURO CAMPOS CARRILLO', 18, 56, '4921975132', 1),
(297, 'siderezorrilla@gmail.com', 'ELIOTESMISOBRINO', 1, 'ZOAS990111MZSRLD04', 'Sidere Monserrath Zorrilla Alfaro', 25, 56, '4921977283', 2),
(298, 'domennickherrera720@gmail.com', 'junio2419', 1, 'BECC010619MZSRRNA9', 'CINTHIA DOMENICA BERMUDEZ DE LA CRUZ ', 23, 39, '4989813387', 9),
(299, '20207301@uaz.edu.mx', 'Miocardio9', 1, 'GOMM021008HASMRRA9', 'Mauro Salvador Gómez Marín', 21, 38, '4922030953', 2),
(300, 'aguilargeraldine2@gmail.com', 'Fgas34151574', 1, 'AUSF990305HZSGLR03', 'Frida Geraldine Aguilar Salas', 25, 56, '4921131117', 5),
(301, 'tanializ.maciashdz@gmail.com', 'Tl050302', 1, 'MAHT050302MZSCRNA3', 'Tania Lizeth Macias Hernandez', 19, 56, '4921357708', 5),
(302, 'rafael.com.com.mx@gmail.com', 'ra08be14', 1, 'AUSR081108HZSRLFA9', 'RAFAEL ARGUMEDO SOLIS', 15, 17, '4922001356', 1),
(303, 'lalo.san7927@gmail.com', 'xuwsim-meqGac-3kuxvu', 1, 'TOME010907HZSRRDA5', 'Jose Eduardo Torres Martínez', 22, 17, '4581004198', 3),
(304, 'lizbethmolina44055@gmail.com', 'molina123', 1, 'MORL070109MZSLDZA6', 'Lizbeth Molina Rodríguez ', 17, 38, '4961169456', 1),
(305, 'bruno-ordaz@hotmail.com', 'realmadrid7', 1, 'OAGB960214HZSRNR09', 'Bruno Octavio Ordaz González', 28, 56, '4921004472', 10),
(306, 'analaura_220397@hotmail.com', '12345678910', 1, 'OIGA970322MZSRTN09', 'ANA LAURA ORTIZ GUTIERREZ', 27, 17, '4922935061', 3),
(307, 'valdez.roman.pau@gmail.com', 'mona1313', 1, 'ROVA990913MZSMLN05', 'Ana Paula Roman Valdez ', 24, 56, '4929426578', 9),
(308, 'chokyflays@gmail.com', 'Timbos18#', 1, 'ROGJ100118MCHMLQA6', 'Jaquelin Román Galaviz', 14, 10, '4931038724', 14),
(309, 'dayana.meza.0602@gmail.com', 'Dayana0602?', 1, 'MEAD060206MZSZRYA8', 'Dayana Ximena Meza Arellano', 18, 10, '4931285727', 1),
(310, 'axlandrea.huerta@gmail.com', 'vifnuw-tEvfoh-xobfy0', 1, 'HURH100616MMCRMDA1', 'Heidi Huerta', 14, 56, '5586139389', 14),
(311, 'fj3264823@gmail.com', 'fer-32', 1, 'VAJL080630MZSLRSA9', 'Luisa Fernanda Valdez Juarez ', 16, 56, '492 330 7464 ', 8),
(312, 'tvliocortez@gmail.com', 'Martillo21', 1, 'COAM981009HZSRRR08', 'Marco Tulio Cortez Arriaga', 25, 20, '5519683899', 14),
(313, 'arellano.gallegos.alexis01@gmail.com', 'PUTO5_NegRO5?', 1, 'AEGA020827HZSRLLA0', 'Alexis Michel Arellano Gallegos', 21, 56, '4921974172', 11),
(314, 'boriiolivaa@gmail.com', 'MARICOTECA190208', 1, 'OIRB080219HZSLDRA1', 'Boris Uriel  Oliva Rodríguez ', 16, 56, '492 112 2998', 11),
(315, 'oswaldo_emmanuel15@hotmail.com', '1999Rojo.', 1, 'ROMO990315HDGBRS06', 'OSWALDO EMMANUEL ROBLES MIRANDA', 25, 9, '4571072071', 8),
(316, 'davca2410@gmail.com', 'torres123casdav', 1, 'CATD951024HZSSRV05', 'David Castillo Torres', 28, 37, '4923037144', 3),
(317, 'cristian100084e@gmail.com', 'cristian132546', 1, 'AOMC030723HZSCRHA5', 'Christian yahir acosta ', 20, 17, '4921739902 ', 4),
(318, 'jorgeeduardo19482@gmail.com', 'Jorchep1*', 1, 'MARJ040113HZSRBRA1', 'Jorge Eduardo Martínez Robles ', 20, 17, '492 949 3400‬', 7),
(319, 'salma.galileadelatorrecruz@gmail.com', 'Salma0308.', 1, 'TOCS030803MZSRRLA7', 'Salma Galilea de la Torre Cruz', 20, 17, '4921210770', 2),
(320, 'maryibel.loera2@gmail.com', 'Estudios2', 1, 'LOLM960814MZSRRR05', 'Maribel De Loera', 27, 17, '4921921292', 2),
(321, 'nataliaalvmal@gmail.com', 'Luciateamo123', 1, 'AAMN000327MZSLLTA6', 'Natalia Álvarez Maldonado', 24, 56, '4924930383', 14),
(322, '6a10lozadainformatica@gmail.com', 'CORALEMI3k', 1, 'LORA060320MZSZMLA5', 'Alejandra Lozada ', 18, 5, '478 125 0459', 11),
(323, 'gcastillo3010@yahoo.com', 'Acevedo22', 1, 'AECL060622HNECSSA9', 'Luis Humberto Acevedo Castillo', 18, 49, '4571001015', 1),
(324, 'sclar.2204@gmail.com', 'Saraiclarinete.2299', 1, 'GORS990422MZSMDR01', 'Saraí Julieta Gómez Rodríguez ', 25, 17, '492 129 1323', 11),
(325, 'alfonso_gurrola@hotmail.com', 'Bridget.02', 1, 'SIGL980502HZSLRS02', 'Luis Mario Alfonso Silva Gurrola', 26, 10, '4931003963', 10),
(326, 'svell0421@gmail.com', 'Coincidencias2018.', 1, 'EALS040521MZSSLFA5', 'Sofía Valeria Esparza Llamas', 20, 56, '4922019173', 3),
(327, 'madai1497@gmail.com', 'yonoseque2121', 1, 'SAMM970214MZSNRD03', 'Madai Sánchez Martínez', 27, 29, '4922006487', 9),
(328, 'a01541610@tec.mx', 'Boniteamo.23', 1, 'CASG030130MZSRLLA1', 'Gloria Carrera', 21, 20, '4941167312', 5),
(329, 'acsaandi9@gmail.com', 'Plantagua42', 1, 'AIMA030516MZSLLCA7', 'Acsa Andrea Alvizar Maldonado ', 21, 56, '4921444862', 11),
(330, 'aldavaperezalejandro@gmail.com', 'Alex290600', 1, 'AAPE000629HZSLRDA9', 'EDUARDO ALEJANDRO ALDAVA PEREZ', 24, 9, '4571030611', 9),
(331, 'anelguerrerorod@gmail.com', 'Ternurin17', 1, 'GURA031224MZSRDNA5', 'Anel Guerrero Rodríguez', 20, 56, '4922431530', 2),
(332, 'mildredlorenajdl@gmail.com', 'mildredjdl', 1, 'EIOD100930HZSLRRA1', 'Derek Elías Ortiz', 13, 37, '4961129516', 1),
(333, 'omrc_2001@hotmail.com', 'Jonitasfe456', 1, 'RICO010604MZSVRSA7', 'Osiris Margarita Rivera Cervantes ', 23, 17, '4401050111', 5),
(334, 'alexandernava.cont@gmail.com', 'nava0701', 1, 'NAUS060107HZSVRNA0', 'Santiago Alexander Nava Ureña', 18, 10, '4931243032', 5),
(335, 'sarahijmnzpc@gmail.com', 'Conejoblas03', 1, 'JIZS990824MZSMMR00', 'Sarahí Jiménez Zamora ', 24, 17, '4922188922', 2),
(336, 'kievebull.4@gmail.com', 'kievebull4', 1, 'BUPA050814HZSLCLA2', 'Alan Kieve Bulbow Pichardo', 18, 20, '4949423468', 1),
(337, 'brauliogongar@gmail.com', '3n9V9TfkMyUfPbH', 1, 'GOGB080612HZSNRRA5', 'Braulio González García', 16, 55, '4991022568', 1),
(338, 'alexisvargas73150@gmail.com', 'Confieso73150*', 1, 'VAOA940827HZSRRL08', 'Alexis Osiel Vargas Orozco', 29, 20, '4941163669', 2),
(339, 'velazquezgaucinyesenia@gmail.com', 'jrjSpQ3M6gSA3P5', 1, 'VEGY061114MZSLCSA6', 'Yesenia Velazquez Gaucin', 17, 10, '493 143 3384', 5),
(340, 'gissxxiv@gmail.com', 'giseZamoraa1$', 1, 'ZASP050312MZSMNMA2', 'Pamela Giselle Zamora Santos', 19, 56, '4921195651', 5),
(341, 'jenniromero108@gmail.com', 'Pdc.100801', 1, 'ROSJ011008MZSMNNA2', 'Jennifer Romero', 22, 56, '4921699359', 13),
(342, 'zacatecascapital@outlook.com', 'zcinjuve2024', 1, 'LURJ951010HZSNDL07', 'Jael Alejandro Luna Raudales', 28, 17, '4921689417', 5),
(343, 'trejovane526@gmail.com', '1e234d56', 1, 'TECV070216MZSRRNA0', 'Vanessa Lizeth Trejo Carrillo ', 17, 5, '4931428320', 8),
(344, 'clubopmexico@gmail.com', 'Mono.loco7', 1, 'EUZB950721HZSSMR04', 'Bruno Esquivel', 29, 56, '4921593858', 5),
(345, 'osielp341@gmail.com', 'gamo1996', 1, 'PEGO960216HZSRLS00', 'osiel jesus perez galvez', 28, 17, '4492877471', 13),
(346, 'diegojim407@hotmail.com', 'Avalancha1.', 1, 'SAJD960515HZSNMG02', 'Diego Santiago Jiménez', 28, 56, '5581878549', 2),
(347, 'noe.viramontesgo@gmail.com', 'VTS98Sb70@', 1, 'VIGN980525HZSRMX05', 'Noe', 26, 19, '4639533452', 14),
(348, 'sebastian.guzman@uaz.edu.mx', 'Teofilo27$', 1, 'GUAS001227HZSZLBA4', 'SEBASTIAN GUZMAN ALFARO', 23, 17, '4929095916', 16),
(349, 'divadyer98@hotmail.com', 'Mar9380276', 1, 'MASR981229HDGRFY07', 'REY DAVID MARTINEZ SIFUENTES', 25, 9, '4922185575', 4),
(350, 'dulce.valeria.1.rdz@gmail.com', 'Carmelita1234', 1, 'RURD020906MZSZDLA0', 'Dulce Valeria Ruiz Rodriguez', 21, 56, '4922031557', 4),
(351, 'juanpabloe038@gmail.com', 'xBWedJuGgcrV2Fn', 1, 'EAGJ070125HZSSLNA0', 'Juan Pablo Esparza Galarza ', 17, 25, '4581019634', 14),
(352, 'charlygaucin@gmail.com', '13101998Elviajedecopperpottt', 1, 'SAGC981013HDGNCH06', 'Charly Santos Gaucin', 25, 42, '4331053623', 2),
(353, 'moontseglez@gmail.com', 'S0l0vin022', 1, 'GORM960329MZSNZN01', 'MONTSERRAT GONZALEZ RUIZ FLORES', 28, 56, '4924921055', 8),
(354, 'luisdavidvargaslopezz@gmail.com', 'Luis1998', 1, 'VALL980129HZSRPS08', 'Luis David Vargas López', 26, 10, '2281591224', 2),
(355, 'angel.ma.9512@gmail.com', 'Angel=M#12', 1, 'MAAA090512HZSRLNA9', 'Ángel de la Cruz Martínez Almeida', 15, 50, '4923957865', 1),
(356, 'felipeola63@gmail.com', 'Ancina1243.', 1, 'MULF010520HZSXCLA5', 'Felipe Muñoz', 23, 56, '4922016353', 4),
(357, '39202799@uaz.edu.mx', 'PEJ2024.', 1, 'GAPA071210HZSRRDA8', 'Adrián García Pérez', 16, 17, '492 219 2588', 14),
(358, 'joredloavi@gmail.com', 'tjQFRGC4nQ82bME', 1, 'LOAJ970922HZSPVR04', 'Jorge Eduardo Lopez Avila', 26, 10, '4931112862', 16),
(359, 'rafaelsalinasz@outlook.com', 'Mejores44', 1, 'SAZR961202HZSLMF06', 'Rafael Salinas', 27, 56, '4921062662', 10),
(360, 'valery.oj@hotmail.com', 'valeriaoj7.', 1, 'OIJL980407MZSRRC08', 'Lucia Valeria Ortiz Juárez ', 26, 20, '494 943 4569', 4),
(361, 'everjosuemartinezrios3@gmail.com', '093sh21g', 1, 'MARE051010HZSRSVA5', 'EVER JOSUE MARTINEZ RIOS', 18, 17, '4921968861', 14),
(362, 'javmecha@gmail.com', 'Palomitas135', 1, 'MECJ060401HCHNHVA7', 'Javier Mena Chávez', 18, 44, '4921955757', 16),
(363, 'iseelaay@gmail.com', 'Pelusa.10', 1, 'DOQI980811MZSRMS05', 'Isela Yudith Dorado Quemada', 25, 56, '4921160187', 5),
(364, 'jhovan541@gmail.com', '4ARFBkdkYzr5G3g', 1, 'LOCJ940909HZSPSH03', 'Jhovan López Castañeda', 29, 16, '4921166112', 14),
(365, 'psiquetat@gmail.com', 'v.i.t.r.i.o.l.696.', 1, 'RIRG950918HZSVJR08', 'Gerardo Neftalí Rivera Rojas', 28, 56, '4922192837', 3),
(366, 'eifijaquez@gmail.com', 'ositopolar', 1, 'RAJE001228MZSMQDA7', 'EDITH RAMIREZ JÁQUEZ', 23, 56, '4921362049', 4),
(367, 'sofiveyna@gmail.com', 'LGmvs2721', 1, 'VETS070121MZSYRFA6', 'Sofía', 17, 56, '4921044806', 4),
(368, 'lisette20.zar@gmail.com', 'DanielaZ2', 1, 'SAZD990802MZSNRN00', 'DANIELA LISETTE SANTILLÁN ZARZOZA', 25, 56, '4921464260', 13),
(369, 'ing.hernandez.20202031@uaz.edu.mx', 'LeoHdz2504', 1, 'HERC020425HDGRJRA0', 'Leonel Rojas', 22, 21, '4921019874', 2),
(370, 'MARIFERCSS_@HOTMAIL.COM', 'Fereslamejor1', 1, 'CASF961029MZSRNR00', 'MARÍA FERNANDA CARRILLO SÁNCHEZ ', 27, 17, '4921211767', 14),
(371, 'javier.glezova99@gmail.com', 'premiozacatecas9', 1, 'GOOF991229HZSNVR05', 'Francisco Javier González Ovalle', 24, 10, '4939490473', 14),
(372, 'bereroad14@gmail.com', 'W3Z9fLuLN8Tk3KE', 1, 'ROGS951214MMCDTN03', 'SONIA BERENICE RODRIGUEZ GUTIERREZ', 28, 17, '4921447807', 4),
(373, 'dolly_414@hotmail.com', 'Camj88metz', 1, 'EOCM090710MZSSSTA4', 'Metztli Escobedo Castañeda ', 15, 17, '4925441296', 1),
(374, 'jazielarmandosg@gmail.com', 'Verito2025', 1, 'SAGJ100709HZSLRZA8', 'Jaziel Armando Salazar Garcia', 14, 17, '4921029578', 9),
(375, 'dragonava2000@gmail.com', 'Nava231w', 1, 'NAPJ000907HZSVDNA0', 'Juan Antonio Nava Pedroza ', 23, 10, '4931150487', 9),
(376, 'camisrael09@gmail.com', 'catdyt-zuctek-5cisQo', 1, 'MAAI050502HZSRGSA3', 'israel martínez agüero ', 19, 10, '4932158153', 15),
(377, 'cristianeliasjimenez@gmail.com', 'Elias261', 1, 'EIJC011026HZSLMRA0', 'Cristian Elias Jimenez ', 22, 57, '4921514089', 14),
(378, 'anayantzinayala@gmail.com', 'Composmentis2', 1, 'AAHA970527MZSYRN05', 'Anayantzin Esperanza Ayala Haro', 27, 56, '4921276052', 16),
(379, 'emmanuelarqsegovia@hotmail.com', 'CHYME', 1, 'SEME951227HZSGRM00', 'Emmanuel de Jesús Segovia Miranda', 28, 56, '+4921621926', 15),
(380, 'rivel75@hotmail.com', 'nomeacuerdoxd', 1, 'IEVR991126HVZLLL08', 'Raúl Illescas Velázquez', 24, 10, '2711458177', 2),
(381, 'remhug23@gmail.com', 'Premio2024', 1, 'BODR950423HGTSRM06', 'Rembrandt Hugo Bosco Duran', 29, 56, '4772296576', 4),
(382, 'banahi_12_@hotmail.com', 'Brendabefa12', 1, 'OOCB950512MZSRNR06', 'Brenda  Anahí Orozco Contreras', 29, 48, '437-1001368', 13),
(383, 'monicasegovia98@gmail.com', 'aqswde43', 1, 'LOSM980528MZSPGN01', 'Mónica Andrea López Segovia', 26, 10, '4939373025', 16),
(384, 'kgm160599@gmail.com', 'AaronMG123', 1, 'GOMK990516MZSNXR06', 'KARINA GONZALEZ', 25, 34, '3461053605', 9),
(385, '36173226@uaz.edu.mx', 'Dmms839201', 1, 'MESD010520MZSNLLA5', 'Dulce Maria Mendoza Salazar', 23, 17, '4921362599', 2),
(386, 'valeriafraustrom02@gmail.com', 'ATENEO2020.', 1, 'FAMV961202MZSRLL03', 'Valeria Frausto Maldonado', 27, 56, '4921442228', 9),
(387, 'deavilasaucedov@gmail.com', '1batayon', 1, 'AISV990529HZSVCC05', 'VICTOR HUGO DE AVILA SAUCEDO', 25, 17, '4922936327', 9),
(388, '38192814@uaz.edu.mx', 'Thebigdog117', 1, 'GORG000716HZSNDRA5', 'Germán González', 24, 5, '4781251612', 3),
(389, 'i2d.leolugo@uaz.edu.mx', 'L25.j.ls', 1, 'LUSL000425HZSGLNA2', 'Leonardo Josué Lugo Salas', 24, 56, '4921604677', 16),
(390, 'irving.gonzalez@uadec.edu.mx', 'LESP1995', 1, 'GOLI950619HCLNRR06', 'IRVING ADRIAN GONZALEZ LARA', 29, 7, '8442367597', 16),
(391, 'salvamarin54@gmail.com', 'GPASG2024', 1, 'MALS050419HZSRNLA6', 'Salvador Marín de León ', 19, 10, '4931036730', 11),
(392, 'ani35arte@outlook.com', 'bompi4-pizquk-xUwbeb', 1, 'AEGA000812MPLRMNA9', 'Ana Iraís Arteaga Gómez', 23, 17, '4922176820', 11),
(393, 'napsi1904@gmail.com', 'Cromatografia19', 1, 'MACN050419HZSRHPA9', 'Napoleón Martínez Chávez', 19, 56, '49925598779', 2),
(394, 'sarimun689@gmail.com', 'SaraMunoz1234', 1, 'MURS980824MZSXDR02', 'Sara Muñoz Rodríguez ', 25, 56, '5585949021', 12),
(395, 'logoma01@gmail.com', '21mb0298', 1, 'LOGM980221MZSZND07', 'Madeline Beatriz Lozano González', 26, 56, '4921706456', 12),
(396, 'andreea.chavez.88@gmail.com', 'Andreach98.', 1, 'CANM981208MJCHXR04', 'Mariana Andrea Chávez Nuño', 25, 17, '3324051247', 15),
(397, 'iezekielalvmza@gmail.com', 'Valentina8..', 1, 'AAME950509HZSLNZ04', 'Ezequiel Alvarado Mendoza', 29, 56, '492 290 0044 ', 14),
(398, 'frida.castanedar@gmail.com', '9XdTAVyMt6ANaZ2', 1, 'CARF000530MZSSMRA7', 'FRIDA MARÍA CASTAÑEDA ROMERO', 24, 22, '4981129181', 9),
(399, 'paulinamedina.18.hernandez@gmail.com', 'CHEERIOS230G', 1, 'HEMK981107MZSRDR00', 'Karla Paulina Hernández Medina', 25, 56, '4921518150', 14),
(400, 'betancourtgherardini@gmail.com', 'RubenDo3', 1, 'BEMG991103MZSTCH08', 'Gherardini Bernardeth Betancourt Macías', 24, 10, '4931009329', 2),
(401, 'eliatovar02606@gmail.com', '606229227', 1, 'TOHE060426MZSVRLA0', 'Elia Gabriela Tovar Haro ', 18, 56, '49224291117', 14),
(402, 'oagmed123@gmail.com', 'SrpskaIgra1020?', 1, 'AUMO941014HZSGDS09', 'OSCAR AGUILERA MEDRANO', 29, 17, '4925440122', 11),
(403, 'figueroajessica386@gmail.com', 'Figueipn14.', 1, 'FIGJ951014MZSGRS03', 'Jessica ', 28, 17, '4921072852', 7),
(404, 'dpaguilartavizon@gmail.com', 'ximena3001', 1, 'AUTD980727HZSGVV02', 'David Patricio Aguilar Tavizon', 26, 56, '4922186670', 4),
(405, 'greciacastrellon8@gmail.com', 'dANZARTE101', 1, 'CAVG980823MZSSLR02', 'GRECIA YISSEL CASTRELLÓN VILLEGAS ', 25, 56, '4921015675', 13),
(406, 'desaix9@live.com', '52365236', 1, 'SORA950530HZSSDL07', 'José Alexander Sosa Rodríguez', 29, 17, '4921757507', 2),
(407, 'chris.percusion@gmail.com', 'Imperial1', 1, 'LOSC970803HZSPRH06', 'Christian López Soriano', 27, 20, '4921306578', 11),
(408, 'noraaobando@gmail.com', 'pumaespin16', 1, 'BAAN071221MZSSCYA3', 'Nayla Denise Basilio Acosta', 16, 56, '4921421592', 15),
(409, 'duenasalejandromoreno11@gmail.com', 'duenas11', 1, 'DUMD060503HZSXRGA0', 'Diego Alejandro Dueñas Moreno', 18, 17, '4922287484', 9),
(410, 'pcorreavelasco@gmail.com', 'Al17Pa98', 1, 'COVP980224MZSRLL00', 'Paulina Correa Velasco', 26, 17, '4921032904', 13),
(411, 'dcabrahammd@outlook.es', 'Xolcreador1', 1, 'MADJ970413HZSRZS00', 'Jesús Abraham Martínez Díaz ', 27, 17, '2282560202', 13),
(412, 'jorgeameno19@gmail.com', 'J@rc4898P', 1, 'RACJ980804HZSDSR08', 'Jorge alejandro Raudales castañeda', 26, 56, '4922239548', 4),
(413, 'jose_alpa@uaz.edu.mx', 'BuscandoChamba2024*', 1, 'AAPJ981015HZSLDS06', 'José de Jesús Alvarado Padilla', 25, 20, '4941033672', 16),
(414, 'lumetal22@gmail.com', 'LuCyIsA023', 1, 'NALL960622MZSJRC02', 'Lucero Isabel Nájera Lerma', 28, 29, '4924920301', 12),
(415, 'hayleygaray222@gmail.com', 'hayleygaray', 1, 'GAAH090417MNERRYA5', 'Hayley Lucía Garay Arteaga', 15, 56, '4921742739', 11),
(416, 'axlitamak@gmail.com', 'alejandria1995', 1, 'RUNK951207MZSZXR01', 'Karla Alejandría Ruiz Esparza Nunez', 28, 17, '4922249398', 4),
(417, 'ernestoaguileraarellano@gmail.com', 'gargolado199401', 1, 'AUAC940901HZSGRR09', 'Carlos Ernesto Aguilera Arellano', 29, 10, '4921201074', 14),
(418, 'premiojuventud2024zac@gmail.com', 'proteger', 1, 'GAVA990504MZSRNB09', 'Abigail García Vanegas', 25, 17, '4921304131', 8),
(419, 'sergio-mongar@hotmail.com', 'Montoya03', 1, 'MOGS000303HZSNRRA5', 'Sergio ', 24, 17, '4921378850', 5),
(420, 'sofi11062005dltm@gmail.com', 'Taponudita11', 1, 'TOMS050611MZSRDFA9', 'Sofia De La Torre Medina', 19, 20, '4941029428', 2),
(421, 'rosadelgador6.samsung@gmail.com', 'Pantalon1.', 1, 'MADL110508MZSGLRA7', 'LAURA SOFIA MAGALLANES DELGADO', 13, 17, '4921043691', 1),
(422, 'annaisablhdez@gmail.com', 'Com3019Bel', 1, 'OIHA960916MZSRRN02', 'Ana Isabel Ortiz', 27, 56, '4921248115', 2),
(423, 'karinaliz1012@gmail.com', 'lizy2112396i', 1, 'IARL961221MZSBZZ07', 'Liz Karina Ibarra Ruiz', 27, 17, '4921112230', 5),
(424, '39206968@uaz.edu.mx', 'Jalpe1997', 1, 'SAPJ970219HZSLRV02', 'Javier', 27, 56, '4921736580', 16),
(425, 'mruniverseepic123@gmail.com', 'SoyBienHardcore', 1, 'TIDL990316HZSJLN01', 'LEONARDO DANIEL DE JESUS', 25, 17, '4922455587', 9),
(426, 'rioyaretzicampostovalin@gmail.com', 'holaRio123', 1, 'CATR111208MZSMVXA9', 'Rio Yaretzi Campos Tovalin', 12, 17, '4921246650', 9);

--
-- Índices para tablas volcadas
--

--
-- Indices de la tabla `calificacion`
--
ALTER TABLE `calificacion`
  ADD PRIMARY KEY (`id`);

--
-- Indices de la tabla `catalogo_documentos`
--
ALTER TABLE `catalogo_documentos`
  ADD PRIMARY KEY (`id`);

--
-- Indices de la tabla `categorias`
--
ALTER TABLE `categorias`
  ADD PRIMARY KEY (`id`);

--
-- Indices de la tabla `documentos`
--
ALTER TABLE `documentos`
  ADD PRIMARY KEY (`id`);

--
-- Indices de la tabla `grado`
--
ALTER TABLE `grado`
  ADD PRIMARY KEY (`id`);

--
-- Indices de la tabla `municipio`
--
ALTER TABLE `municipio`
  ADD PRIMARY KEY (`id`);

--
-- Indices de la tabla `usr`
--
ALTER TABLE `usr`
  ADD PRIMARY KEY (`id`);

--
-- AUTO_INCREMENT de las tablas volcadas
--

--
-- AUTO_INCREMENT de la tabla `calificacion`
--
ALTER TABLE `calificacion`
  MODIFY `id` int(11) NOT NULL AUTO_INCREMENT;

--
-- AUTO_INCREMENT de la tabla `catalogo_documentos`
--
ALTER TABLE `catalogo_documentos`
  MODIFY `id` int(11) NOT NULL AUTO_INCREMENT, AUTO_INCREMENT=12;

--
-- AUTO_INCREMENT de la tabla `categorias`
--
ALTER TABLE `categorias`
  MODIFY `id` int(11) NOT NULL AUTO_INCREMENT, AUTO_INCREMENT=21;

--
-- AUTO_INCREMENT de la tabla `documentos`
--
ALTER TABLE `documentos`
  MODIFY `id` int(11) NOT NULL AUTO_INCREMENT, AUTO_INCREMENT=1159;

--
-- AUTO_INCREMENT de la tabla `grado`
--
ALTER TABLE `grado`
  MODIFY `id` int(11) NOT NULL AUTO_INCREMENT, AUTO_INCREMENT=8;

--
-- AUTO_INCREMENT de la tabla `municipio`
--
ALTER TABLE `municipio`
  MODIFY `id` int(11) NOT NULL AUTO_INCREMENT, AUTO_INCREMENT=59;

--
-- AUTO_INCREMENT de la tabla `usr`
--
ALTER TABLE `usr`
  MODIFY `id` int(11) NOT NULL AUTO_INCREMENT, AUTO_INCREMENT=427;
COMMIT;

/*!40101 SET CHARACTER_SET_CLIENT=@OLD_CHARACTER_SET_CLIENT */;
/*!40101 SET CHARACTER_SET_RESULTS=@OLD_CHARACTER_SET_RESULTS */;
/*!40101 SET COLLATION_CONNECTION=@OLD_COLLATION_CONNECTION */;
